,,,,,,,,,,,,,,,,,,,,,,,,,,,,,,
ID,DESCRICAO,DESCRICAO HISTORICO,CODIGO CENSUP,CODIGO EMEC,CODIGO SISTEC,CODIGO EDUCACENSO,ANO LETIVO,PERIODO LETIVO,DATA INICIO,DATA FIM,ATIVO,POSSUI ALUNO CURSANDO,CODIGO,NATUREZA PARTICIPACAO,MODALIDADE,AREA,EIXO,AREA CAPES,PERIODICIDADE,EXIGE ENADE,EXIGE COLACAO GRAU,EMITE DIPLAMA,AREA CONCENTRACAO,PROGRAMA,DIRETORIA,COORDENADOR,NUMERO PORTARIA COORDENADOR,TITULO CERTIFICADO MASCULINO,TITULO CERTIFICADO FEMININO,INCONSISTENCIAS
2287,Crônicas do Fogo e do Gelo,Crônicas do Fogo e do Gelo,-,-,-,-,2024,1,01/03/2024,-,Sim,Não,CBT05,Semipresencial,FIC,-,"Turismo, Hospitalidade e Lazer",-,3,Não,Não,Sim,-,-,DRG/CBT (CEX),Thiago Rodrigues Schulze (2143693),-,Crônicas do Fogo e do Gelo,Crônicas do Fogo e do Gelo,
2311,Português como Língua Adicional - Módulo I,Português como Língua Adicional - Módulo I,-,-,-,-,2024,1,12/02/2024,-,Sim,Não,SLT035,Presencial,FIC,-,Desenvolvimento Educacional e Social,-,3,Não,Não,Sim,-,-,DRG/SLT (CEX),Ed Alencar Dias da Silva (1643606),-,Português como Língua Adicional - Módulo I,Português como Língua Adicional - Módulo I,
2312,Instalação de Sistemas fotovoltaicos,Instalação de Sistemas fotovoltaicos,-,-,-,-,2024,1,11/03/2024,-,Sim,Sim,HTO040,Semipresencial,FIC,-,Produção Industrial,-,3,Não,Não,Sim,-,-,DRG/HTO (CEX),Rogerio Vani Jacomini (2067179),-,Instalação de Sistemas fotovoltaicos,Instalação de Sistemas fotovoltaicos,
2313,Hortas em ambientes urbanos: faça você mesmo,Hortas em ambientes urbanos: faça você mesmo,-,-,-,-,2024,1,25/03/2024,-,Sim,Não,ITP028,EaD,FIC,-,Produção Alimentícia,-,3,Não,Não,Sim,-,-,DRG/ITP (CEX),Vicente Pereira de Barros (1659369),-,Hortas em ambientes urbanos: faça você mesmo,Hortas em ambientes urbanos: faça você mesmo,
2314,Fundamentos de Geoprocessamento,Fundamentos de Geoprocessamento,-,-,-,-,2024,1,21/02/2024,-,Sim,Não,PEP021,Presencial,FIC,-,Desenvolvimento Educacional e Social,-,3,Não,Não,Sim,-,-,DRG/PEP (CEX),Lucas Onofre (1222935),-,Fundamentos de Geoprocessamento,Fundamentos de Geoprocessamento,
2315,Espanhol pré- intermediário II,Espanhol pré- intermediário II,-,-,-,-,2024,1,14/03/2024,-,Sim,Não,HTO041,Presencial,FIC,-,Desenvolvimento Educacional e Social,-,3,Não,Não,Sim,-,-,DRG/HTO (CEX),Gabriel Leopoldino dos Santos (2315075),-,Espanhol pré- intermediário II,Espanhol pré- intermediário II,
2317,Italiano pré- intermediário I,Italiano pré- intermediário I,-,-,-,-,2024,1,12/03/2024,-,Sim,Não,HTO042,Presencial,FIC,-,Desenvolvimento Educacional e Social,-,3,Não,Não,Sim,-,-,DRG/HTO (CEX),Samuel Vinente da Silva Junior (1190797),-,Italiano pré- intermediário I,Italiano pré- intermediário I,
2318,Liderança e Gestão de Equipes,Liderança e Gestão de Equipes,-,-,-,-,2024,1,20/01/2024,-,Sim,Não,CMP014,Presencial,FIC,-,Gestão e Negócios,-,3,Não,Não,Sim,-,-,DRG/CMP (CEX),Rosane Beltrao da Cunha Carvalho (2275699),-,Liderança e Gestão de Equipes,Liderança e Gestão de Equipes,
2319,Espanhol Básico I EaD,Espanhol Básico I EaD,-,-,-,-,2024,1,07/02/2024,-,Sim,Sim,BTV029,EaD,FIC,-,Desenvolvimento Educacional e Social,-,3,Não,Não,Sim,-,-,DRG/BTV (CEX),Felipe Ferreira de Lara (2161727),-,Espanhol Básico I EaD,Espanhol Básico I EaD,
2320,Resolução de Problemas Matemáticos,Resolução de Problemas Matemáticos,-,-,-,-,2024,1,07/02/2024,-,Sim,Não,BTV030,Presencial,FIC,-,Desenvolvimento Educacional e Social,-,3,Não,Não,Sim,-,-,DRG/BTV (CEX),Felipe Ferreira de Lara (2161727),-,Resolução de Problemas Matemáticos,Resolução de Problemas Matemáticos,
2321,Metrologia Básica,Metrologia Básica,-,-,-,-,2024,1,09/02/2024,-,Sim,Não,BTV031,Presencial,FIC,-,Educação,-,3,Não,Não,Sim,-,-,DRG/BTV (CEX),Felipe Ferreira de Lara (2161727),-,Metrologia Básica,Metrologia Básica,
2322,"Ciência, Tecnologia e Sociedade","Ciência, Tecnologia e Sociedade",-,-,-,-,2024,1,04/03/2024,-,Sim,Não,ITP029,EaD,FIC,-,Desenvolvimento Educacional e Social,-,3,Não,Não,Sim,-,-,DRG/ITP (CEX),Felipe Ferreira de Lara (2161727),-,"Ciência, Tecnologia e Sociedade","Ciência, Tecnologia e Sociedade",
2323,Comunicação básica em língua inglesa II,Comunicação básica em língua inglesa II,-,-,-,-,2024,1,12/03/2024,-,Sim,Não,HTO044,Presencial,FIC,-,Informação e Comunicação,-,3,Não,Não,Sim,-,-,DRG/HTO (CEX),Graziela Rocha Reghini Ramos (2334996),-,Comunicação básica em língua inglesa II,Comunicação básica em língua inglesa II,
2324,Espanhol Intermediário I,Espanhol Intermediário I,-,-,-,-,2024,1,19/02/2024,-,Sim,Não,SPO046,Presencial,FIC,-,Desenvolvimento Educacional e Social,-,3,Não,Não,Sim,-,-,DRG/SPO (CEX),Rosangela Bagnoli Ovidio (2098041),-,Espanhol Intermediário I,Espanhol Intermediário I,
2325,Inglês Básico II,Inglês Básico II,-,-,-,-,2024,1,22/02/2024,-,Sim,Não,SPO047,Presencial,FIC,-,Desenvolvimento Educacional e Social,-,3,Não,Não,Sim,-,-,DRG/SPO (CEX),Rosangela Bagnoli Ovidio (2098041),-,Inglês Básico II,Inglês Básico II,
2326,Comunicação Básica em Língua Inglesa I,Comunicação Básica em Língua Inglesa I,-,-,-,-,2024,1,20/02/2024,-,Sim,Sim,SPO048,Presencial,FIC,-,Desenvolvimento Educacional e Social,-,3,Não,Não,Sim,-,-,DRG/SPO (CEX),Caio Cabral da Silva (2146617),4343/2024,Comunicação Básica em Língua Inglesa I,Comunicação Básica em Língua Inglesa I,
2327,Grammar for business - Gramática da língua inglesa para a área de negócios,Grammar for business - Gramática da língua inglesa para a área de negócios,-,-,-,-,2024,1,21/02/2024,-,Sim,Sim,SPO049,Presencial,FIC,-,Desenvolvimento Educacional e Social,-,3,Não,Não,Sim,-,-,DRG/SPO (CEX),Caio Cabral da Silva (2146617),4343/2024,Grammar for business - Gramática da língua inglesa para a área de negócios,Grammar for business - Gramática da língua inglesa para a área de negócios,
2328,Introdução à Programação de Computadores Utilizando Python (presencial),Introdução à Programação de Computadores Utilizando Python (presencial),-,-,-,-,2024,1,02/04/2024,-,Sim,Não,GRU059,Presencial,FIC,-,Informação e Comunicação,-,3,Não,Não,Sim,-,-,DRG/GRU (CEX),Joao Alves Pacheco (2274487),-,Introdução à Programação de Computadores Utilizando Python (presencial),Introdução à Programação de Computadores Utilizando Python (presencial),
2329,Introdução à Inteligência Artificial (EAD),Introdução à Inteligência Artificial (EAD),-,-,-,-,2024,1,19/02/2014,-,Sim,Não,GRU060,EaD,FIC,-,Informação e Comunicação,-,3,Não,Não,Sim,-,-,DRG/GRU (CEX),Joao Alves Pacheco (2274487),-,Introdução à Inteligência Artificial (EAD),Introdução à Inteligência Artificial (EAD),
2331,Educação em Direitos Humanos,Educação em Direitos Humanos,-,-,-,-,2024,1,14/03/2024,-,Sim,Não,HTO043,Presencial,FIC,-,Desenvolvimento Educacional e Social,-,3,Não,Não,Sim,-,-,DRG/HTO (CEX),Samuel Vinente da Silva Junior (1190797),-,Educação em Direitos Humanos,Educação em Direitos Humanos,
2333,Fundamentos de Redes de Computadores,Fundamentos de Redes de Computadores,-,-,-,-,2024,1,19/02/2024,-,Sim,Não,GRU061,Presencial,FIC,-,Informação e Comunicação,-,3,Não,Não,Sim,-,-,DRG/GRU (CEX),Joao Alves Pacheco (2274487),-,Fundamentos de Redes de Computadores,Fundamentos de Redes de Computadores,
2334,"""EntrePontos Femininos - Corte e Costura para Mulheres""","""EntrePontos Femininos - Corte e Costura para Mulheres""",-,-,-,-,2024,1,01/03/2024,-,Sim,Não,SLT036,Presencial,FIC,-,Produção Industrial,-,3,Não,Não,Sim,-,-,DRG/SLT (CEX),Cathia Alves (2161624),-,"""EntrePontos Femininos - Corte e Costura para Mulheres""","""EntrePontos Femininos - Corte e Costura para Mulheres""",
2335,Introdução à Programação em Python,Introdução à Programação em Python,-,-,-,-,2024,1,25/03/2024,-,Sim,Não,SRT089,Presencial,FIC,-,Informação e Comunicação,-,3,Não,Não,Sim,-,-,DRG/SRT (CEX),Livia Maria Lovato (1815713),-,Introdução à Programação em Python,Introdução à Programação em Python,
2336,Introdução à escrita criativa,Introdução à escrita criativa,-,-,-,-,2024,1,01/03/2024,-,Sim,Não,SRT090,Presencial,FIC,-,Informação e Comunicação,-,3,Não,Não,Sim,-,-,DRG/SRT (CEX),Livia Maria Lovato (1815713),-,Introdução à escrita criativa,Introdução à escrita criativa,
2337,Formação Política para jovens líderes,Formação Política para jovens líderes,-,-,-,-,2024,1,01/03/2024,-,Sim,Não,SRT091,Semipresencial,FIC,-,Desenvolvimento Educacional e Social,-,3,Não,Não,Sim,-,-,DRG/SRT (CEX),Livia Maria Lovato (1815713),-,Formação Política para jovens líderes,Formação Política para jovens líderes,
2338,SolidWorks - Básico,SolidWorks - Básico,-,-,-,-,2024,1,01/03/2024,-,Sim,Não,SRT092,Presencial,FIC,-,Produção Industrial,-,3,Não,Não,Sim,-,-,DRG/SRT (CEX),Livia Maria Lovato (1815713),-,SolidWorks - Básico,SolidWorks - Básico,
2339,Cuidadora de Pessoas Idosas,Cuidadora de Pessoas Idosas,-,-,-,-,2024,1,01/04/2024,-,Sim,Não,SRT088,Presencial,FIC,-,Ambiente e Saúde,-,3,Não,Não,Sim,-,-,DRG/SRT (CEX),Jeniffer Fernanda Reis Galdiano (2037324),-,Cuidadora de Pessoas Idosas,Cuidadora de Pessoas Idosas,
2340,Petiscos de boteco,Petiscos de boteco,-,-,-,-,2024,1,19/02/2024,-,Sim,Não,CTD046,Presencial,FIC,-,Produção Alimentícia,-,3,Não,Não,Sim,-,-,DRG/CTD (CEX),Rosenir Martins Nunes Chaves (2319341),-,Petiscos de boteco,Petiscos de boteco,
2341,Experimentação com Materiais de baixo custo para Professores de Ciências,Experimentação com Materiais de baixo custo para Professores de Ciências,-,-,-,-,2024,1,23/02/2024,-,Sim,Não,ITP030,EaD,FIC,-,Desenvolvimento Educacional e Social,-,3,Não,Não,Sim,-,-,DRG/ITP (CEX),Vicente Pereira de Barros (1659369),-,Experimentação com Materiais de baixo custo para Professores de Ciências,Experimentação com Materiais de baixo custo para Professores de Ciências,
2342,Desmistificando a Alimentação: introdução a conceitos de Nutrição e Saúde,Desmistificando a Alimentação: introdução a conceitos de Nutrição e Saúde,-,-,-,-,2024,1,05/02/2024,-,Sim,Não,CTD047,Presencial,FIC,-,Produção Alimentícia,-,3,Não,Não,Sim,-,-,DRG/CTD (CEX),Rosenir Martins Nunes Chaves (2319341),-,Desmistificando a Alimentação: introdução a conceitos de Nutrição e Saúde,Desmistificando a Alimentação: introdução a conceitos de Nutrição e Saúde,
2344,Formação e qualificação de professores para a Cultura Maker,Formação e qualificação de professores para a Cultura Maker,-,-,-,-,2024,1,29/02/2024,-,Sim,Não,ITP031,EaD,FIC,-,Produção Cultural e Design,-,3,Não,Não,Sim,-,-,DRG/ITP (CEX),Vicente Pereira de Barros (1659369),-,Formação e qualificação de professores para a Cultura Maker,Formação e qualificação de professores para a Cultura Maker,
2345,Autoeducação e Autoconhecimento - como estudar melhor,Autoeducação e Autoconhecimento - como estudar melhor,-,-,-,-,2024,1,19/02/2024,-,Sim,Sim,PRC0032,EaD,FIC,-,Desenvolvimento Educacional e Social,-,3,Não,Não,Sim,-,-,DRG/PRC (CEX),Lilian Marques Pino (1736491),-,Autoeducação e Autoconhecimento - como estudar melhor,Autoeducação e Autoconhecimento - como estudar melhor,
2346,Programação para crianças e adolescentes,Programação para crianças e adolescentes,-,-,-,-,2024,1,19/02/2024,-,Sim,Sim,PRC0033,EaD,FIC,-,Desenvolvimento Educacional e Social,-,3,Não,Não,Sim,-,-,DRG/PRC (CEX),Lilian Marques Pino (1736491),-,Programação para crianças e adolescentes,Programação para crianças e adolescentes,
2347,As religiões e religiosidades do Brasil,As religiões e religiosidades do Brasil,-,-,-,-,2024,1,10/02/2024,-,Sim,Sim,RGT019,Presencial,FIC,-,Desenvolvimento Educacional e Social,-,3,Não,Não,Sim,-,-,DRG/RGT (CEX),Ernani Jose Fortunato Lisboa Enke (2753773),-,As religiões e religiosidades do Brasil,As religiões e religiosidades do Brasil,
2349,O que é marxismo?,O que é marxismo?,-,-,-,-,2024,1,09/03/2024,-,Sim,Não,CPV087,Presencial,FIC,-,Desenvolvimento Educacional e Social,-,3,Não,Não,Sim,-,-,DRG/CPV (CEX),Gustavo Baptistella Leite da Silva (2105688),-,O que é marxismo?,O que é marxismo?,
2351,Empreendedorismo: Como elaborar um plano de negócios,Empreendedorismo: Como elaborar um plano de negócios,-,-,-,-,2024,1,09/03/2024,-,Sim,Não,CPV089,Presencial,FIC,-,Gestão e Negócios,-,3,Não,Não,Sim,-,-,DRG/CPV (CEX),Gustavo Baptistella Leite da Silva (2105688),-,Empreendedorismo: Como elaborar um plano de negócios,Empreendedorismo: Como elaborar um plano de negócios,
2352,Automação Pneumática,Automação Pneumática,-,-,-,-,2024,1,11/03/2024,-,Sim,Não,SOR039,Presencial,FIC,-,Produção Industrial,-,3,Não,Não,Sim,-,-,DRG/SOR (CEX),Andressa Rodrigues (3161560),-,Automação Pneumática,Automação Pneumática,
2353,Controlador lógico programável - básico,Controlador lógico programável - básico,-,-,-,-,2024,1,11/03/2024,-,Sim,Não,SOR040,Presencial,FIC,-,Produção Industrial,-,3,Não,Não,Sim,-,-,DRG/SOR (CEX),Andressa Rodrigues (3161560),-,Controlador lógico programável - básico,Controlador lógico programável - básico,
2356,Ciências Humanas e suas Tecnologias para o ENEM e demais,Ciências Humanas e suas Tecnologias para o ENEM e demais,-,-,-,-,2024,1,11/03/2024,-,Sim,Não,SOR043,Presencial,FIC,-,Desenvolvimento Educacional e Social,-,3,Não,Não,Sim,-,-,DRG/SOR (CEX),Andressa Rodrigues (3161560),-,Ciências Humanas e suas Tecnologias para o ENEM e demais,Ciências Humanas e suas Tecnologias para o ENEM e demais,
2358,Matemática Básica,Matemática Básica,-,-,-,-,2024,1,06/03/2024,-,Sim,Não,CTD048,Presencial,FIC,-,Desenvolvimento Educacional e Social,-,3,Não,Não,Sim,-,-,DRG/CTD (CEX),Rosenir Martins Nunes Chaves (2319341),-,Matemática Básica,Matemática Básica,
2359,Ciências Humanas: Pensar o saber para saber pensar,Ciências Humanas: Pensar o saber para saber pensar,-,-,-,-,2024,1,14/03/2024,-,Sim,Não,IST003,Presencial,FIC,-,Desenvolvimento Educacional e Social,-,3,Não,Não,Sim,-,-,DRG/IST (CEX),Marcos da Cruz Alves Siqueira (2994799),-,Ciências Humanas: Pensar o saber para saber pensar,Ciências Humanas: Pensar o saber para saber pensar,
2360,Sistemas Gypsum Light Steel Framing: teoria e prática,Sistemas Gypsum Light Steel Framing: teoria e prática,-,-,-,-,2024,1,28/02/2024,-,Sim,Não,SPO050,Presencial,FIC,-,Infraestrutura,-,3,Não,Não,Sim,-,-,DRG/SPO (CEX),Caio Cabral da Silva (2146617),4343/2024,Sistemas Gypsum Light Steel Framing: teoria e prática,Sistemas Gypsum Light Steel Framing: teoria e prática,
2361,Libras Básico,Libras Básico,-,-,-,-,2024,1,07/03/2024,-,Sim,Sim,SMP025,Presencial,FIC,-,Desenvolvimento Educacional e Social,-,3,Não,Não,Sim,-,-,DRG/SMP (CEX),Suzy Sayuri Sassamoto Kurokawa (1294040),-,Libras Básico,Libras Básico,
2363,Inglês Básico I,Inglês Básico I,-,-,-,-,2024,1,14/03/2024,-,Sim,Não,SMP027,Presencial,FIC,-,Desenvolvimento Educacional e Social,-,3,Não,Não,Sim,-,-,DRG/SMP (CEX),Suzy Sayuri Sassamoto Kurokawa (1294040),-,Inglês Básico I,Inglês Básico I,
2364,Yoga - um caminho para transformação I,Yoga - um caminho para transformação I,-,-,-,-,2024,1,07/03/2024,-,Sim,Não,ITP033,Presencial,FIC,-,Ambiente e Saúde,-,3,Não,Não,Sim,-,-,DRG/ITP (CEX),Vicente Pereira de Barros (1659369),-,Yoga - um caminho para transformação I,Yoga - um caminho para transformação I,
2365,História e cultura das populações negras e indígenas no Brasil,História e cultura das populações negras e indígenas no Brasil,-,-,-,-,2024,1,12/03/2024,-,Sim,Não,SMP028,Presencial,FIC,-,Desenvolvimento Educacional e Social,-,3,Não,Não,Sim,-,-,DRG/SMP (CEX),Suzy Sayuri Sassamoto Kurokawa (1294040),-,História e cultura das populações negras e indígenas no Brasil,História e cultura das populações negras e indígenas no Brasil,
2366,Capoeira Angola como atividade desportiva e socioeducativa,Capoeira Angola como atividade desportiva e socioeducativa,-,-,-,-,2024,1,26/03/2024,-,Sim,Não,PRC0034,Presencial,FIC,-,Desenvolvimento Educacional e Social,-,3,Não,Não,Sim,-,-,DRG/PRC (CEX),Lilian Marques Pino (1736491),-,Capoeira Angola como atividade desportiva e socioeducativa,Capoeira Angola como atividade desportiva e socioeducativa,
2367,Futsal - fundamentos,Futsal - fundamentos,-,-,-,-,2024,1,11/03/2024,-,Sim,Sim,BRI024,Presencial,FIC,-,Desenvolvimento Educacional e Social,-,3,Não,Não,Sim,-,-,DRG/BRI (CEX),Joao Paulo Crivellaro de Menezes (2168049),-,Futsal - fundamentos,Futsal - fundamentos,
2368,Cestinhas do futuro - fundamentos de basquete,Cestinhas do futuro - fundamentos de basquete,-,-,-,-,2024,1,12/03/2024,-,Sim,Sim,BRI025,Presencial,FIC,-,Desenvolvimento Educacional e Social,-,3,Não,Não,Sim,-,-,DRG/BRI (CEX),Joao Paulo Crivellaro de Menezes (2168049),-,Cestinhas do futuro - fundamentos de basquete,Cestinhas do futuro - fundamentos de basquete,
2369,Xadrez - nível básico,Xadrez - nível básico,-,-,-,-,2024,1,11/03/2024,-,Sim,Não,BRI026,Presencial,FIC,-,Desenvolvimento Educacional e Social,-,3,Não,Não,Sim,-,-,DRG/BRI (CEX),Joao Paulo Crivellaro de Menezes (2168049),-,Xadrez - nível básico,Xadrez - nível básico,
2370,Voleibol,Voleibol,-,-,-,-,2024,1,15/03/2024,-,Sim,Sim,BRI027,Presencial,FIC,-,Desenvolvimento Educacional e Social,-,3,Não,Não,Sim,-,-,DRG/BRI (CEX),Joao Paulo Crivellaro de Menezes (2168049),-,Voleibol,Voleibol,
2371,Defesa Pessoal I,Defesa Pessoal I,-,-,-,-,2024,1,16/03/2024,-,Sim,Sim,BRI028,Presencial,FIC,-,Desenvolvimento Educacional e Social,-,3,Não,Não,Sim,-,-,DRG/BRI (CEX),Joao Paulo Crivellaro de Menezes (2168049),-,Defesa Pessoal I,Defesa Pessoal I,
2372,Educação em Direitos Humanos,Educação em Direitos Humanos,-,-,-,-,2024,1,16/03/2024,-,Sim,Sim,BRI029,Presencial,FIC,-,Desenvolvimento Educacional e Social,-,3,Não,Não,Sim,-,-,DRG/BRI (CEX),Joao Paulo Crivellaro de Menezes (2168049),-,Educação em Direitos Humanos,Educação em Direitos Humanos,
2373,Cursinho preparatório para ENEM - Módulo III (Física),Cursinho preparatório para ENEM - Módulo III (Física),-,-,-,-,2024,1,18/03/2024,-,Sim,Sim,SZN029,Presencial,FIC,-,Informação e Comunicação,-,3,Não,Não,Sim,-,-,DRG/SZN (CEX),Raimundo Nonato Pereira da Silva (1176145),-,Cursinho preparatório para ENEM - Módulo III (Física),Cursinho preparatório para ENEM - Módulo III (Física),
2374,Introdução ao Arduino,Introdução ao Arduino,-,-,-,-,2024,1,11/03/2024,-,Sim,Sim,AVR088,Presencial,FIC,-,Informação e Comunicação,-,3,Não,Não,Sim,-,-,DRG/AVR (CEX),Elaine Aparecida Campideli Hoyos (2168045),-,Introdução ao Arduino,Introdução ao Arduino,
2375,Computação Criativa para o Ensino Fundamental - Módulo 2 - Aplicativos para celular,Computação Criativa para o Ensino Fundamental - Módulo 2 - Aplicativos para celular,-,-,-,-,2024,1,06/03/2024,-,Sim,Não,BRA024,Presencial,FIC,-,Desenvolvimento Educacional e Social,-,3,Não,Não,Sim,-,-,DRG/BRA (CEX),Joao Junior Marques de Lima (1897879),-,Computação Criativa para o Ensino Fundamental - Módulo 2 - Aplicativos para celular,Computação Criativa para o Ensino Fundamental - Módulo 2 - Aplicativos para celular,
2377,Arduino - Introdução à automação e robótica,Arduino - Introdução à automação e robótica,-,-,-,-,2024,1,11/03/2024,-,Sim,Sim,AVR090,Presencial,FIC,-,Informação e Comunicação,-,3,Não,Não,Sim,-,-,DRG/AVR (CEX),Elaine Aparecida Campideli Hoyos (2168045),-,Arduino - Introdução à automação e robótica,Arduino - Introdução à automação e robótica,
2378,Leitura e produção de textos para vestibular/ ENEM,Leitura e produção de textos para vestibular/ ENEM,-,-,-,-,2024,1,22/03/2024,-,Sim,Não,SMP029,Presencial,FIC,-,Desenvolvimento Educacional e Social,-,3,Não,Não,Sim,-,-,DRG/SMP (CEX),Suzy Sayuri Sassamoto Kurokawa (1294040),-,Leitura e produção de textos para vestibular/ ENEM,Leitura e produção de textos para vestibular/ ENEM,
2381,Português para Enem e Vestibulares,Português para Enem e Vestibulares,-,-,-,-,2024,1,21/03/2024,-,Sim,Não,SRT093,Presencial,FIC,-,Desenvolvimento Educacional e Social,-,3,Não,Não,Sim,-,-,DRG/SRT (CEX),Andreia Dias Ianuskiewtz (1878946),-,Português para Enem e Vestibulares,Português para Enem e Vestibulares,
2382,Educação Alimentar e Nutricional: Cozinhadora de Alimentos,Educação Alimentar e Nutricional: Cozinhadora de Alimentos,-,-,-,-,2024,1,04/03/2024,-,Sim,Não,AVR091,Presencial,FIC,-,Produção Alimentícia,-,3,Não,Não,Sim,-,-,DRG/AVR (CEX),Elaine Aparecida Campideli Hoyos (2168045),-,Educação Alimentar e Nutricional: Cozinhadora de Alimentos,Educação Alimentar e Nutricional: Cozinhadora de Alimentos,
2384,Cursinho preparatório para ENEM - Módulo I (Matemática),Cursinho preparatório para ENEM - Módulo I (Matemática),-,-,-,-,2024,1,18/03/2024,-,Sim,Não,SZN030,Presencial,FIC,-,Informação e Comunicação,-,3,Não,Não,Sim,-,-,DRG/SZN (CEX),Raimundo Nonato Pereira da Silva (1176145),-,Cursinho preparatório para ENEM - Módulo I (Matemática),Cursinho preparatório para ENEM - Módulo I (Matemática),
2385,Cursinho para Vestibulinho,Cursinho para Vestibulinho,-,-,-,-,2024,1,20/03/2024,-,Sim,Sim,SZN031,Presencial,FIC,-,Informação e Comunicação,-,3,Não,Não,Sim,-,-,DRG/SZN (CEX),Raimundo Nonato Pereira da Silva (1176145),-,Cursinho para Vestibulinho,Cursinho para Vestibulinho,
2386,Cursinho preparatório para ENEM - Módulo II (Química),Cursinho preparatório para ENEM - Módulo II (Química),-,-,-,-,2024,1,18/03/2024,-,Sim,Não,SZN032,Presencial,FIC,-,Informação e Comunicação,-,3,Não,Não,Sim,-,-,DRG/SZN (CEX),Raimundo Nonato Pereira da Silva (1176145),-,Cursinho preparatório para ENEM - Módulo II (Química),Cursinho preparatório para ENEM - Módulo II (Química),
2387,Letramento literário na formação docente,Letramento literário na formação docente,-,-,-,-,2024,1,21/03/2024,-,Sim,Não,PEP022,Presencial,FIC,-,Desenvolvimento Educacional e Social,-,3,Não,Não,Sim,-,-,DRG/PEP (CEX),Lucas Onofre (1222935),-,Letramento literário na formação docente,Letramento literário na formação docente,
2388,Libras Básico,Libras Básico,-,-,-,-,2024,1,20/03/2024,-,Sim,Sim,CTD050,Presencial,FIC,-,Desenvolvimento Educacional e Social,-,3,Não,Não,Sim,-,-,DRG/CTD (CEX),Rosenir Martins Nunes Chaves (2319341),-,Libras Básico,Libras Básico,
2389,Inglês Básico I,Inglês Básico I,-,-,-,-,2024,1,06/03/2024,-,Sim,Sim,CTD051,Presencial,FIC,-,Informação e Comunicação,-,3,Não,Não,Sim,-,-,DRG/CTD (CEX),Rosenir Martins Nunes Chaves (2319341),-,Inglês Básico I,Inglês Básico I,
2392,Danças Sociais,Danças Sociais,-,-,-,-,2024,1,06/03/2024,-,Sim,Sim,JCR015,Presencial,FIC,-,Desenvolvimento Educacional e Social,-,3,Não,Não,Sim,-,-,DRG/JCR (CEX),Roger Dantas do Prado (2116040),-,Danças Sociais,Danças Sociais,
2395,Inglês para vestibular,Inglês para vestibular,-,-,-,-,2024,1,20/03/2024,-,Sim,Não,SPO051,Presencial,FIC,-,Desenvolvimento Educacional e Social,-,3,Não,Não,Sim,-,-,DRG/SPO (CEX),Caio Cabral da Silva (2146617),-,Inglês para vestibular,Inglês para vestibular,
2396,Inglês para conversação,Inglês para conversação,-,-,-,-,2024,1,20/03/2024,-,Sim,Sim,SPO052,Presencial,FIC,-,Desenvolvimento Educacional e Social,-,3,Não,Não,Sim,-,-,DRG/SPO (CEX),Caio Cabral da Silva (2146617),-,Inglês para conversação,Inglês para conversação,
2398,Métodos de perspectiva arquitetônica para Design de Interiores,Métodos de perspectiva arquitetônica para Design de Interiores,-,-,-,-,2024,1,06/03/2024,-,Sim,Não,JCR016,Presencial,FIC,-,Produção Cultural e Design,-,3,Não,Não,Sim,-,-,DRG/JCR (CEX),Roger Dantas do Prado (2116040),-,Métodos de perspectiva arquitetônica para Design de Interiores,Métodos de perspectiva arquitetônica para Design de Interiores,
2399,Promotoras Legais Populares,Promotoras Legais Populares,-,-,-,-,2024,1,12/03/2024,-,Sim,Não,JCR017,Presencial,FIC,-,Desenvolvimento Educacional e Social,-,3,Não,Não,Sim,-,-,DRG/JCR (CEX),Roger Dantas do Prado (2116040),-,Promotoras Legais Populares,Promotoras Legais Populares,
2400,Produtoras de Olerícolas,Produtoras de Olerícolas,-,-,-,-,2024,1,01/04/2024,-,Sim,Sim,BRT049,Presencial,FIC,-,Produção Alimentícia,-,3,Não,Não,Sim,-,-,DRG/BRT (CEX),Ana Laura da Silva Castro (1885344),-,Produtoras de Olerícolas,Produtoras de Olerícolas,
2401,Redação para ENEM e Vestibulares,Redação para ENEM e Vestibulares,-,-,-,-,2024,1,19/03/2024,-,Sim,Não,SRT094,Presencial,FIC,-,Desenvolvimento Educacional e Social,-,3,Não,Não,Sim,-,-,DRG/SRT (CEX),Andreia Dias Ianuskiewtz (1878946),-,Redação para ENEM e Vestibulares,Redação para ENEM e Vestibulares,
2402,Atividades recreativas e esportivas para crianças,Atividades recreativas e esportivas para crianças,-,-,-,-,2024,1,25/03/2024,-,Sim,Sim,AVR092,Presencial,FIC,-,Ambiente e Saúde,-,3,Não,Não,Sim,-,-,DRG/AVR (CEX),Elaine Aparecida Campideli Hoyos (2168045),-,Atividades recreativas e esportivas para crianças,Atividades recreativas e esportivas para crianças,
2403,Espanhol: língua e cultura (nível básico),Espanhol: língua e cultura (nível básico),-,-,-,-,2024,1,21/03/2024,-,Sim,Não,SRT095,Presencial,FIC,-,Desenvolvimento Educacional e Social,-,3,Não,Não,Sim,-,-,DRG/SRT (CEX),Andreia Dias Ianuskiewtz (1878946),-,Espanhol: língua e cultura (nível básico),Espanhol: língua e cultura (nível básico),
2404,Modelista de Roupas,Modelista de Roupas,-,-,-,-,2024,1,11/03/2024,-,Sim,Não,BRU002,Presencial,FIC,-,Produção Cultural e Design,-,3,Não,Não,Sim,-,-,DRG/BRU (CEX),Tamyris Proenca Bonilha Garnica (2334784),-,Modelista de Roupas,Modelista de Roupas,
2407,Teatro: Jogos Dramáticos,Teatro: Jogos Dramáticos,-,-,-,-,2024,1,20/03/2024,-,Sim,Não,SRQ037,Presencial,FIC,-,Informação e Comunicação,-,3,Não,Não,Sim,-,-,DRG/SRQ (CEX),Ana Carolina Macena Francini (2274078),-,Teatro: Jogos Dramáticos,Teatro: Jogos Dramáticos,
2408,Educação Especial e Inclusiva na Educação Básica,Educação Especial e Inclusiva na Educação Básica,-,-,-,-,2024,1,27/03/2024,-,Sim,Sim,SRQ038,Presencial,FIC,-,Desenvolvimento Educacional e Social,-,3,Não,Não,Sim,-,-,DRG/SRQ (CEX),Ana Carolina Macena Francini (2274078),-,Educação Especial e Inclusiva na Educação Básica,Educação Especial e Inclusiva na Educação Básica,
2411,e-TEC Idiomas sem Fronteiras - Inglês - Módulo I,e-TEC Idiomas sem Fronteiras - Inglês - Módulo I,-,-,-,-,2024,1,22/03/2024,-,Sim,Não,SRQ041,Semipresencial,FIC,-,Informação e Comunicação,-,3,Não,Não,Sim,-,-,DRG/SRQ (CEX),Ana Carolina Macena Francini (2274078),-,e-TEC Idiomas sem Fronteiras - Inglês - Módulo I,e-TEC Idiomas sem Fronteiras - Inglês - Módulo I,
2414,Agente de Alimentação Escolar,Agente de Alimentação Escolar,-,-,-,-,2024,1,27/03/2024,-,Sim,Não,SRQ044,Presencial,FIC,-,Produção Alimentícia,-,3,Não,Não,Sim,-,-,DRG/SRQ (CEX),Ana Carolina Macena Francini (2274078),-,Agente de Alimentação Escolar,Agente de Alimentação Escolar,
2415,Introdução à LIBRAS,Introdução à LIBRAS,-,-,-,-,2024,1,25/03/2024,-,Sim,Não,SJP087,Presencial,FIC,-,Desenvolvimento Educacional e Social,-,3,Não,Não,Sim,-,-,DRG/SJP (CEX),Luana Cunha Palma (1069230),-,Introdução à LIBRAS,Introdução à LIBRAS,
2417,Atendimento ao Cliente,Atendimento ao Cliente,-,-,-,-,2024,1,22/03/2024,-,Sim,Não,SJP089,Presencial,FIC,-,Gestão e Negócios,-,3,Não,Não,Sim,-,-,DRG/SJP (CEX),Luana Cunha Palma (1069230),-,Atendimento ao Cliente,Atendimento ao Cliente,
2418,Introdução à Edição de Vídeo,Introdução à Edição de Vídeo,-,-,-,-,2024,1,26/03/2024,-,Sim,Não,SJP090,Presencial,FIC,-,Produção Cultural e Design,-,3,Não,Não,Sim,-,-,DRG/SJP (CEX),Luana Cunha Palma (1069230),-,Introdução à Edição de Vídeo,Introdução à Edição de Vídeo,
2419,Desenvolvimento de aplicativos para dispositivos móveis,Desenvolvimento de aplicativos para dispositivos móveis,-,-,-,-,2024,1,28/03/2024,-,Sim,Não,SJP091,Presencial,FIC,-,Informação e Comunicação,-,3,Não,Não,Sim,-,-,DRG/SJP (CEX),Luana Cunha Palma (1069230),-,Desenvolvimento de aplicativos para dispositivos móveis,Desenvolvimento de aplicativos para dispositivos móveis,
2420,Técnicas para confecção de Placas de Circuito Impresso (PCI),Técnicas para confecção de Placas de Circuito Impresso (PCI),-,-,-,-,2024,1,20/03/2024,-,Sim,Sim,CTD054,Presencial,FIC,-,Produção Industrial,-,3,Não,Não,Sim,-,-,DRG/CTD (CEX),Rosenir Martins Nunes Chaves (2319341),-,Técnicas para confecção de Placas de Circuito Impresso (PCI),Técnicas para confecção de Placas de Circuito Impresso (PCI),
2421,Português para hispanofalantes e refugiados,Português para hispanofalantes e refugiados,-,-,-,-,2024,1,25/03/2024,-,Sim,Não,BRU003,Presencial,FIC,-,Desenvolvimento Educacional e Social,-,3,Não,Não,Sim,-,-,DRG/BRU (CEX),Tamyris Proenca Bonilha Garnica (2334784),-,Português para hispanofalantes e refugiados,Português para hispanofalantes e refugiados,
2422,Excel - do básico ao intermediário,Excel - do básico ao intermediário,-,-,-,-,2024,1,25/03/2024,-,Sim,Não,BRU004,Presencial,FIC,-,Informação e Comunicação,-,3,Não,Não,Sim,-,-,DRG/BRU (CEX),Tamyris Proenca Bonilha Garnica (2334784),-,Excel - do básico ao intermediário,Excel - do básico ao intermediário,
2423,Ensino de Algoritmos e Programação Web usando PHP,Ensino de Algoritmos e Programação Web usando PHP,-,-,-,-,2024,1,25/03/2024,-,Sim,Não,BRU005,Presencial,FIC,-,Informação e Comunicação,-,3,Não,Não,Sim,-,-,DRG/BRU (CEX),Tamyris Proenca Bonilha Garnica (2334784),-,Ensino de Algoritmos e Programação Web usando PHP,Ensino de Algoritmos e Programação Web usando PHP,
2424,Matemática para concursos públicos,Matemática para concursos públicos,-,-,-,-,2024,1,28/03/2024,-,Sim,Não,BRU006,Presencial,FIC,-,Desenvolvimento Educacional e Social,-,3,Não,Não,Sim,-,-,DRG/BRU (CEX),Tamyris Proenca Bonilha Garnica (2334784),-,Matemática para concursos públicos,Matemática para concursos públicos,
2425,Instalações Elétricas Residenciais,Instalações Elétricas Residenciais,-,-,-,-,2024,1,27/03/2024,-,Sim,Não,BRU007,Presencial,FIC,-,Infraestrutura,-,3,Não,Não,Sim,-,-,DRG/BRU (CEX),Tamyris Proenca Bonilha Garnica (2334784),-,Instalações Elétricas Residenciais,Instalações Elétricas Residenciais,
2426,Percussão e Ritmos Brasileiros,Percussão e Ritmos Brasileiros,-,-,-,-,2024,1,27/03/2024,-,Sim,Não,PTB027,Presencial,FIC,-,Desenvolvimento Educacional e Social,-,3,Não,Não,Sim,-,-,DRG/PTB (CEX),Edna Alencar da Silva Rivera (3203637),-,Percussão e Ritmos Brasileiros,Percussão e Ritmos Brasileiros,
2427,Introdução à Filosofia,Introdução à Filosofia,-,-,-,-,2024,1,27/03/2024,-,Sim,Não,PTB028,Presencial,FIC,-,Desenvolvimento Educacional e Social,-,3,Não,Não,Sim,-,-,DRG/PTB (CEX),Edna Alencar da Silva Rivera (3203637),-,Introdução à Filosofia,Introdução à Filosofia,
2430,Costura Industrial e Modelagem do Vestuário,Costura Industrial e Modelagem do Vestuário,-,-,-,-,2024,1,02/04/2024,-,Sim,Não,HTO045,Presencial,FIC,-,Produção Cultural e Design,-,3,Não,Não,Sim,-,-,DRG/HTO (CEX),Priscyla dos Santos Vieira (2297633),-,Costura Industrial e Modelagem do Vestuário,Costura Industrial e Modelagem do Vestuário,
2431,Informática Básica,Informática Básica,-,-,-,-,2024,1,01/04/2024,-,Sim,Não,BRU008,Presencial,FIC,-,Informação e Comunicação,-,3,Não,Não,Sim,-,-,DRG/BRU (CEX),Tamyris Proenca Bonilha Garnica (2334784),-,Informática Básica,Informática Básica,
2432,Comandos Elétricos,Comandos Elétricos,-,-,-,-,2024,1,29/04/2024,-,Sim,Não,TUP020,Presencial,FIC,-,Desenvolvimento Educacional e Social,-,3,Não,Não,Sim,-,-,DRG/TUP (CEX),Bruno Borges (2426976),-,Comandos Elétricos,Comandos Elétricos,
2433,Pandeiro e Técnica Percussiva na Cultura Brasileira - (Modalidade Presencial),Pandeiro e Técnica Percussiva na Cultura Brasileira - (Modalidade Presencial),-,-,-,-,2024,1,04/04/2024,-,Sim,Não,BRA025,Presencial,FIC,-,Desenvolvimento Educacional e Social,-,3,Não,Não,Sim,-,-,DRG/BRA (CEX),Joao Junior Marques de Lima (1897879),-,Pandeiro e Técnica Percussiva na Cultura Brasileira - (Modalidade Presencial),Pandeiro e Técnica Percussiva na Cultura Brasileira - (Modalidade Presencial),
2434,Saúde Mental e Atenção Psicossocial na Escola,Saúde Mental e Atenção Psicossocial na Escola,-,-,-,-,2024,1,22/04/2024,-,Sim,Não,ITP034,Presencial,FIC,-,Ambiente e Saúde,-,3,Não,Não,Sim,-,-,DRG/ITP (CEX),Vicente Pereira de Barros (1659369),-,Saúde Mental e Atenção Psicossocial na Escola,Saúde Mental e Atenção Psicossocial na Escola,
2435,Língua Brasileira de Sinais (Libras) Básico,Língua Brasileira de Sinais (Libras) Básico,-,-,-,-,2024,2,16/08/2024,-,Sim,Não,IST005,Presencial,FIC,-,Desenvolvimento Educacional e Social,-,3,Não,Não,Sim,-,-,DRG/IST (CEX),Marcos da Cruz Alves Siqueira (2994799),-,Língua Brasileira de Sinais (Libras) Básico,Língua Brasileira de Sinais (Libras) Básico,
2437,Trilha Formativa em Libras - Módulo I,Trilha Formativa em Libras - Módulo I,-,-,-,-,2024,2,01/08/2024,-,Sim,Não,ITQ054,Presencial,FIC,-,Informação e Comunicação,-,3,Não,Não,Sim,-,-,DRG/ITQ (CEX),Gabriela Peters Goncalves Levy (2314531),-,Trilha Formativa em Libras - Módulo I,Trilha Formativa em Libras - Módulo I,
2441,Cuidadora Infantil para uma Educação Inclusiva,Cuidadora Infantil para uma Educação Inclusiva,-,-,-,-,2024,1,22/04/2024,-,Sim,Sim,SOR044,Presencial,FIC,-,Ambiente e Saúde,-,3,Não,Não,Sim,-,-,DRG/SOR (CEX),Andrezza Campos Moretti (2930012),"PORTARIA No 0963/IFSP, DE 05 DE FEVEREIRO DE 2024",Cuidadora Infantil para uma Educação Inclusiva,Cuidadora Infantil para uma Educação Inclusiva,
2442,Noções Básicas do Direito do Consumidor,Noções Básicas do Direito do Consumidor,-,-,-,-,2024,1,08/04/2024,-,Sim,Não,MRC001,Presencial,FIC,-,Gestão e Negócios,-,3,Não,Não,Sim,-,-,DRG/MRC (CEX),Luiz Felipe Borges Martins (1872340),-,Noções Básicas do Direito do Consumidor,Noções Básicas do Direito do Consumidor,
2444,História para o ENEM - Módulo I,História para o ENEM - Módulo I,-,-,-,-,2024,1,10/04/2024,-,Sim,Não,MRC003,Presencial,FIC,-,Desenvolvimento Educacional e Social,-,3,Não,Não,Sim,-,-,DRG/MRC (CEX),Luiz Felipe Borges Martins (1872340),-,História para o ENEM - Módulo I,História para o ENEM - Módulo I,
2445,Português para ENEM e Vestibulares,Português para ENEM e Vestibulares,-,-,-,-,2024,1,10/04/2024,-,Sim,Não,MRC004,Presencial,FIC,-,Desenvolvimento Educacional e Social,-,3,Não,Não,Sim,-,-,DRG/MRC (CEX),Luiz Felipe Borges Martins (1872340),-,Português para ENEM e Vestibulares,Português para ENEM e Vestibulares,
2446,Robótica na Educação Básica,Robótica na Educação Básica,-,-,-,-,2024,1,23/04/2024,-,Sim,Não,BRI031,Presencial,FIC,-,Desenvolvimento Educacional e Social,-,3,Não,Não,Sim,-,-,DRG/BRI (CEX),Joao Paulo Crivellaro de Menezes (2168049),-,Robótica na Educação Básica,Robótica na Educação Básica,
2447,Esportes coletivos: princípios básicos comuns,Esportes coletivos: princípios básicos comuns,-,-,-,-,2024,1,29/04/2024,-,Sim,Não,IST006,Presencial,FIC,-,Ambiente e Saúde,-,3,Não,Não,Sim,-,-,DRG/IST (CEX),Marcos da Cruz Alves Siqueira (2994799),-,Esportes coletivos: princípios básicos comuns,Esportes coletivos: princípios básicos comuns,
2448,Teoria e prática de atletismo para crianças e adolescentes,Teoria e prática de atletismo para crianças e adolescentes,-,-,-,-,2024,1,29/04/2024,-,Sim,Não,IST007,Presencial,FIC,-,Ambiente e Saúde,-,3,Não,Não,Sim,-,-,DRG/IST (CEX),Marcos da Cruz Alves Siqueira (2994799),-,Teoria e prática de atletismo para crianças e adolescentes,Teoria e prática de atletismo para crianças e adolescentes,
2454,Introdução à Produção de Vídeo,Introdução à Produção de Vídeo,-,-,-,-,2024,1,26/03/2024,-,Sim,Não,SJP092,Presencial,FIC,-,Produção Cultural e Design,-,3,Não,Não,Sim,-,-,DRG/SJP (CEX),Luana Cunha Palma (1069230),-,Introdução à Produção de Vídeo,Introdução à Produção de Vídeo,
2455,Interpretação e Conscientização Corporal para Dança e Teatro,Interpretação e Conscientização Corporal para Dança e Teatro,-,-,-,-,2024,1,15/04/2024,-,Sim,Não,SJP093,Presencial,FIC,-,Produção Cultural e Design,-,3,Não,Não,Sim,-,-,DRG/SJP (CEX),Luana Cunha Palma (1069230),-,Interpretação e Conscientização Corporal para Dança e Teatro,Interpretação e Conscientização Corporal para Dança e Teatro,
2456,Curso de aperfeiçoamento em instalações hidráulicas domiciliares,Curso de aperfeiçoamento em instalações hidráulicas domiciliares,-,-,-,-,2024,1,22/04/2024,-,Sim,Não,SJP094,Presencial,FIC,-,Infraestrutura,-,3,Não,Não,Sim,-,-,DRG/SJP (CEX),Luana Cunha Palma (1069230),-,Curso de aperfeiçoamento em instalações hidráulicas domiciliares,Curso de aperfeiçoamento em instalações hidráulicas domiciliares,
2457,Digitalização Aplicada ao Setor Elétrico,Digitalização Aplicada ao Setor Elétrico,-,-,-,-,2024,1,02/04/2024,-,Sim,Não,VTP030,Presencial,FIC,-,Informação e Comunicação,-,3,Não,Não,Sim,-,-,DRG/VTP (CEX),Carlos Eduardo Maia de Oliveira (1921504),-,Digitalização Aplicada ao Setor Elétrico,Digitalização Aplicada ao Setor Elétrico,
2458,Tênis de Mesa para Iniciantes,Tênis de Mesa para Iniciantes,-,-,-,-,2024,1,09/04/2024,-,Sim,Sim,CPV091,Presencial,FIC,-,Desenvolvimento Educacional e Social,-,3,Não,Não,Sim,-,-,DRG/CPV (CEX),Gustavo Baptistella Leite da Silva (2105688),-,Tênis de Mesa para Iniciantes,Tênis de Mesa para Iniciantes,
2459,Boas Práticas na Manipulação de Alimentos,Boas Práticas na Manipulação de Alimentos,-,-,-,-,2024,1,01/03/2024,-,Sim,Não,CTD055,Presencial,FIC,-,Produção Alimentícia,-,3,Não,Não,Sim,-,-,DRG/CTD (CEX),Rosenir Martins Nunes Chaves (2319341),-,Boas Práticas na Manipulação de Alimentos,Boas Práticas na Manipulação de Alimentos,
2461,Curso de Libras Intermediário,Curso de Libras Intermediário,-,-,-,-,2024,1,27/03/2024,-,Sim,Não,SJP095,Presencial,FIC,-,Desenvolvimento Educacional e Social,-,3,Não,Não,Sim,-,-,DRG/SJP (CEX),Luana Cunha Palma (1069230),-,Curso de Libras Intermediário,Curso de Libras Intermediário,
2462,Excel Intermediário,Excel Intermediário,-,-,-,-,2024,1,20/05/2024,-,Sim,Não,RCL004,Presencial,FIC,-,Informação e Comunicação,-,3,Não,Não,Sim,-,-,DRG/RCL (CEX),Francisco Cesar de Oliveira (1809288),-,Excel Intermediário,Excel Intermediário,
2463,Panificação - Nível Intermediário,Panificação - Nível Intermediário,-,-,-,-,2024,1,03/06/2024,-,Sim,Não,CTD056,Presencial,FIC,-,Produção Alimentícia,-,3,Não,Não,Sim,-,-,DRG/CTD (CEX),Rosenir Martins Nunes Chaves (2319341),-,Panificação - Nível Intermediário,Panificação - Nível Intermediário,
2464,Panificação - Nível Avançado,Panificação - Nível Avançado,-,-,-,-,2024,1,01/07/2024,-,Sim,Não,CTD057,Presencial,FIC,-,Produção Alimentícia,-,3,Não,Não,Sim,-,-,DRG/CTD (CEX),Rosenir Martins Nunes Chaves (2319341),-,Panificação - Nível Avançado,Panificação - Nível Avançado,
2465,Panificação - Nível Básico,Panificação - Nível Básico,-,-,-,-,2024,1,22/04/2024,-,Sim,Não,CTD058,Presencial,FIC,-,Produção Alimentícia,-,3,Não,Não,Sim,-,-,DRG/CTD (CEX),-,-,Panificação - Nível Básico,Panificação - Nível Básico,
2466,Liderança e Desenvolvimento Humano,Liderança e Desenvolvimento Humano,-,-,-,-,2024,1,18/04/2024,-,Sim,Não,JND019,Presencial,FIC,-,Gestão e Negócios,-,3,Não,Não,Sim,-,-,DRG/JND (CEX),Mauro Vanderlei de Amorim (1873060),-,Liderança e Desenvolvimento Humano,Liderança e Desenvolvimento Humano,
2467,LabSol Mulheres Empreendedoras: Artesanato sustentável,LabSol Mulheres Empreendedoras: Artesanato sustentável,-,-,-,-,2024,1,15/04/2024,-,Sim,Não,BRI032,Presencial,FIC,-,Desenvolvimento Educacional e Social,-,3,Não,Não,Sim,-,-,DRG/BRI (CEX),Joao Paulo Crivellaro de Menezes (2168049),-,LabSol Mulheres Empreendedoras: Artesanato sustentável,LabSol Mulheres Empreendedoras: Artesanato sustentável,
2468,Operadora de Computador,Operadora de Computador,-,-,-,-,2024,1,08/04/2024,-,Sim,Não,SJC012,Presencial,FIC,-,Informação e Comunicação,-,3,Não,Não,Sim,-,-,DRG/SJC (CEX),Marcilene Cristina Gomes (1104117),-,Operadora de Computador,Operadora de Computador,
2469,Preparatório para Vestibulinho,Preparatório para Vestibulinho,-,-,-,-,2024,1,13/05/2024,-,Sim,Não,CJO075,Presencial,FIC,-,Desenvolvimento Educacional e Social,-,3,Não,Não,Sim,-,-,DRG/CJO (CEX),Ana Claudia Luciano da Silva (1181312),-,Preparatório para Vestibulinho,Preparatório para Vestibulinho,
2470,Cursinho Preparatório - Matemática,Cursinho Preparatório - Matemática,-,-,-,-,2024,1,13/05/2024,-,Sim,Não,CJO076,Presencial,FIC,-,Desenvolvimento Educacional e Social,-,3,Não,Não,Sim,-,-,DRG/CJO (CEX),Ana Claudia Luciano da Silva (1181312),-,Cursinho Preparatório - Matemática,Cursinho Preparatório - Matemática,
2471,Cursinho Preparatório - Linguagens,Cursinho Preparatório - Linguagens,-,-,-,-,2024,1,13/05/2024,-,Sim,Não,CJO077,Presencial,FIC,-,Desenvolvimento Educacional e Social,-,3,Não,Não,Sim,-,-,DRG/CJO (CEX),Ana Claudia Luciano da Silva (1181312),-,Cursinho Preparatório - Linguagens,Cursinho Preparatório - Linguagens,
2472,Arduino básico,Arduino básico,-,-,-,-,2024,1,13/05/2024,-,Sim,Não,SJP096,EaD,FIC,-,Informação e Comunicação,-,3,Não,Não,Sim,-,-,DRG/SJP (CEX),Luana Cunha Palma (1069230),-,Arduino básico,Arduino básico,
2473,Preparatório para o ENEM e exames vestibulares,Preparatório para o ENEM e exames vestibulares,-,-,-,-,2024,1,29/04/2024,-,Sim,Sim,ITP035,Presencial,FIC,-,Desenvolvimento Educacional e Social,-,3,Não,Não,Sim,-,-,DRG/ITP (CEX),Vicente Pereira de Barros (1659369),-,Preparatório para o ENEM e exames vestibulares,Preparatório para o ENEM e exames vestibulares,
2474,Pequenos Reparos Elétricos,Pequenos Reparos Elétricos,-,-,-,-,2024,1,19/06/2024,-,Sim,Não,SJC013,Presencial,FIC,-,Desenvolvimento Educacional e Social,-,3,Não,Não,Sim,-,-,DRG/SJC (CEX),Lenon Henrique da Costa (3354661),-,Pequenos Reparos Elétricos,Pequenos Reparos Elétricos,
2475,Sommelier de vinhos: Introdução ao mundo dos vinhos,Sommelier de vinhos: Introdução ao mundo dos vinhos,-,-,-,-,2024,1,17/06/2024,-,Sim,Sim,SMP031,EaD,FIC,-,Desenvolvimento Educacional e Social,-,3,Não,Não,Sim,-,-,DRG/SMP (CEX),Maria Julia Alves Bedoya (1659329),-,Sommelier de vinhos: Introdução ao mundo dos vinhos,Sommelier de vinhos: Introdução ao mundo dos vinhos,
2476,Atualidade em debate: construindo o pensamento crítico sobre o mundo contemporâneo,Atualidade em debate: construindo o pensamento crítico sobre o mundo contemporâneo,-,-,-,-,2024,1,22/05/2024,-,Sim,Não,CTD059,Presencial,FIC,-,Desenvolvimento Educacional e Social,-,3,Não,Não,Sim,-,-,DRG/CTD (CEX),Rosenir Martins Nunes Chaves (2319341),-,Atualidade em debate: construindo o pensamento crítico sobre o mundo contemporâneo,Atualidade em debate: construindo o pensamento crítico sobre o mundo contemporâneo,
2478,Curso de Voleibol,Curso de Voleibol,-,-,-,-,2024,1,25/05/2024,-,Sim,Não,SJP097,Presencial,FIC,-,Desenvolvimento Educacional e Social,-,3,Não,Não,Sim,-,-,DRG/SJP (CEX),Luana Cunha Palma (1069230),-,Curso de Voleibol,Curso de Voleibol,
2479,Futsal,Futsal,-,-,-,-,2024,1,20/05/2024,-,Sim,Não,SJP098,Presencial,FIC,-,Desenvolvimento Educacional e Social,-,3,Não,Não,Sim,-,-,DRG/SJP (CEX),Luana Cunha Palma (1069230),-,Futsal,Futsal,
2480,PROGRAMAÇÃO PARA CRIANÇAS E ADOLESCENTES - NÍVEL INTERMEDIÁRIO,PROGRAMAÇÃO PARA CRIANÇAS E ADOLESCENTES - NÍVEL INTERMEDIÁRIO,-,-,-,-,2024,2,16/08/2024,-,Sim,Sim,PRC0035,EaD,FIC,-,Desenvolvimento Educacional e Social,-,3,Não,Não,Sim,-,-,DRG/PRC (CEX),Lilian Marques Pino (1736491),-,PROGRAMAÇÃO PARA CRIANÇAS E ADOLESCENTES - NÍVEL INTERMEDIÁRIO,PROGRAMAÇÃO PARA CRIANÇAS E ADOLESCENTES - NÍVEL INTERMEDIÁRIO,
2481,Inclusão Digital,Inclusão Digital,-,-,-,-,2024,1,03/06/2024,-,Sim,Não,BRU009,Presencial,FIC,-,Informação e Comunicação,-,3,Não,Não,Sim,-,-,DRG/BRU (CEX),Tamyris Proenca Bonilha Garnica (2334784),-,Inclusão Digital,Inclusão Digital,
2483,Excel Básico,Excel Básico,-,-,-,-,2024,1,20/06/2024,-,Sim,Não,RCL005,Presencial,FIC,-,Informação e Comunicação,-,3,Não,Não,Sim,-,-,DRG/RCL (CEX),Francisco Cesar de Oliveira (1809288),-,Excel Básico,Excel Básico,
2484,Gestão da Educação para a Equidade Racial,Gestão da Educação para a Equidade Racial,-,-,-,-,2024,1,02/07/2024,-,Sim,Não,HTO047,EaD,FIC,-,Desenvolvimento Educacional e Social,-,3,Não,Não,Sim,-,-,DRG/HTO (CEX),Priscyla dos Santos Vieira (2297633),-,Gestão da Educação para a Equidade Racial,Gestão da Educação para a Equidade Racial,
2485,Agente de Direitos Humanos da Pessoa Idosa,Agente de Direitos Humanos da Pessoa Idosa,-,-,-,-,2024,1,15/06/2024,-,Sim,Sim,CBT010,Presencial,FIC,-,Desenvolvimento Educacional e Social,-,3,Não,Não,Sim,-,-,DRG/CBT (CEX),Gisela de Barros Alves Moura (1673031),-,Agente de Direitos Humanos da Pessoa Idosa,Agente de Direitos Humanos da Pessoa Idosa,
2487,Robótica Educacional - Módulo Básico,Robótica Educacional - Módulo Básico,-,-,-,-,2024,1,22/05/2024,-,Sim,Não,PEP023,Presencial,FIC,-,Desenvolvimento Educacional e Social,-,3,Não,Não,Sim,-,-,DRG/PEP (CEX),Renan de Jesus Almeida (3319793),-,Robótica Educacional - Módulo Básico,Robótica Educacional - Módulo Básico,
2488,Gastronomia Sustentável,Gastronomia Sustentável,-,-,-,-,2024,1,02/04/2024,-,Sim,Não,RCL006,Presencial,FIC,-,Desenvolvimento Educacional e Social,-,3,Não,Não,Sim,-,-,DRG/RCL (CEX),Marcelo Camacho de Souza (1812018),-,Gastronomia Sustentável,Gastronomia Sustentável,
2489,Futsal Feminino,Futsal Feminino,-,-,-,-,2024,1,21/05/2024,-,Sim,Não,SJP099,Presencial,FIC,-,Desenvolvimento Educacional e Social,-,3,Não,Não,Sim,-,-,DRG/SJP (CEX),Luana Cunha Palma (1069230),-,Futsal Feminino,Futsal Feminino,
2490,Física para ENEM Módulo I,Física para ENEM Módulo I,-,-,-,-,2024,2,20/08/2024,-,Sim,Não,RCL007,Presencial,FIC,-,Desenvolvimento Educacional e Social,-,3,Não,Não,Sim,-,-,DRG/RCL (CEX),Eduardo Antonio Modena (278591),-,Física para ENEM Módulo I,Física para ENEM Módulo I,
2491,e-TEC Idiomas sem Fronteiras - Espanhol - Caderno 1,e-TEC Idiomas sem Fronteiras - Espanhol - Caderno 1,-,-,-,-,2024,2,20/08/2024,-,Sim,Não,RCL008,EaD,FIC,-,Informação e Comunicação,-,3,Não,Não,Sim,-,-,DRG/RCL (CEX),Eduardo Antonio Modena (278591),-,e-TEC Idiomas sem Fronteiras - Espanhol - Caderno 1,e-TEC Idiomas sem Fronteiras - Espanhol - Caderno 1,
2492,Formação Esportiva,Formação Esportiva,-,-,-,-,2024,1,06/06/2024,-,Sim,Não,SJP100,Presencial,FIC,-,Desenvolvimento Educacional e Social,-,3,Não,Não,Sim,-,-,DRG/SJP (CEX),Luana Cunha Palma (1069230),-,Formação Esportiva,Formação Esportiva,
2493,Inclusão digital para a terceira idade,Inclusão digital para a terceira idade,-,-,-,-,2024,1,27/05/2024,-,Sim,Não,CTD060,Presencial,FIC,-,Desenvolvimento Educacional e Social,-,3,Não,Não,Sim,-,-,DRG/CTD (CEX),Rosenir Martins Nunes Chaves (2319341),-,Inclusão digital para a terceira idade,Inclusão digital para a terceira idade,
2496,Sistemas de Ignição de Aeronaves,Sistemas de Ignição de Aeronaves,-,-,-,-,2024,1,17/06/2024,-,Sim,Não,SCL024,EaD,FIC,-,Desenvolvimento Educacional e Social,-,3,Não,Não,Sim,-,-,DRG/SCL (CEX),Ricardo Arai (1884334),-,Sistemas de Ignição de Aeronaves,Sistemas de Ignição de Aeronaves,
2497,Redação para o Enem e vestibulares: Tópicos essenciais,Redação para o Enem e vestibulares: Tópicos essenciais,-,-,-,-,2024,1,21/06/2024,-,Sim,Não,AVR093,Presencial,FIC,-,Informação e Comunicação,-,3,Não,Não,Sim,-,-,DRG/AVR (CEX),Elaine Aparecida Campideli Hoyos (2168045),-,Redação para o Enem e vestibulares: Tópicos essenciais,Redação para o Enem e vestibulares: Tópicos essenciais,
2498,e-TEC Idiomas sem Fronteiras - Espanhol - Caderno 4,e-TEC Idiomas sem Fronteiras - Espanhol - Caderno 4,-,-,-,-,2024,1,20/08/2024,-,Sim,Não,RCL009,EaD,FIC,-,Informação e Comunicação,-,3,Não,Não,Sim,-,-,DRG/RCL (CEX),Eduardo Antonio Modena (278591),-,e-TEC Idiomas sem Fronteiras - Espanhol - Caderno 4,e-TEC Idiomas sem Fronteiras - Espanhol - Caderno 4,
2499,e-TEC Idiomas sem Fronteiras - Espanhol - Caderno 2,e-TEC Idiomas sem Fronteiras - Espanhol - Caderno 2,-,-,-,-,2024,1,20/08/2024,-,Sim,Não,RCL010,EaD,FIC,-,Informação e Comunicação,-,3,Não,Não,Sim,-,-,DRG/RCL (CEX),Eduardo Antonio Modena (278591),-,e-TEC Idiomas sem Fronteiras - Espanhol - Caderno 2,e-TEC Idiomas sem Fronteiras - Espanhol - Caderno 2,
2500,e-TEC Idiomas sem Fronteiras - Espanhol - Caderno 5,e-TEC Idiomas sem Fronteiras - Espanhol - Caderno 5,-,-,-,-,2024,1,20/08/2024,-,Sim,Não,RCL011,EaD,FIC,-,Informação e Comunicação,-,3,Não,Não,Sim,-,-,DRG/RCL (CEX),Eduardo Antonio Modena (278591),-,e-TEC Idiomas sem Fronteiras - Espanhol - Caderno 5,e-TEC Idiomas sem Fronteiras - Espanhol - Caderno 5,
2501,e-TEC Idiomas sem Fronteiras - Espanhol - Caderno 3,e-TEC Idiomas sem Fronteiras - Espanhol - Caderno 3,-,-,-,-,2024,1,20/08/2024,-,Sim,Não,RCL012,EaD,FIC,-,Informação e Comunicação,-,3,Não,Não,Sim,-,-,DRG/RCL (CEX),Eduardo Antonio Modena (278591),-,e-TEC Idiomas sem Fronteiras - Espanhol - Caderno 3,e-TEC Idiomas sem Fronteiras - Espanhol - Caderno 3,
2502,e-TEC Idiomas sem Fronteiras - Espanhol - Caderno 6,e-TEC Idiomas sem Fronteiras - Espanhol - Caderno 6,-,-,-,-,2024,1,20/08/2024,-,Sim,Não,RCL013,EaD,FIC,-,Informação e Comunicação,-,3,Não,Não,Sim,-,-,DRG/RCL (CEX),Eduardo Antonio Modena (278591),-,e-TEC Idiomas sem Fronteiras - Espanhol - Caderno 6,e-TEC Idiomas sem Fronteiras - Espanhol - Caderno 6,
2503,e-TEC Idiomas sem Fronteiras - Espanhol - Caderno 7,e-TEC Idiomas sem Fronteiras - Espanhol - Caderno 7,-,-,-,-,2024,1,20/08/2024,-,Sim,Não,RCL014,EaD,FIC,-,Informação e Comunicação,-,3,Não,Não,Sim,-,-,DRG/RCL (CEX),Eduardo Antonio Modena (278591),-,e-TEC Idiomas sem Fronteiras - Espanhol - Caderno 7,e-TEC Idiomas sem Fronteiras - Espanhol - Caderno 7,
2504,e-TEC Idiomas sem Fronteiras - Espanhol - Caderno 8,e-TEC Idiomas sem Fronteiras - Espanhol - Caderno 8,-,-,-,-,2024,1,20/08/2024,-,Sim,Não,RCL015,EaD,FIC,-,Informação e Comunicação,-,3,Não,Não,Sim,-,-,DRG/RCL (CEX),Eduardo Antonio Modena (278591),-,e-TEC Idiomas sem Fronteiras - Espanhol - Caderno 8,e-TEC Idiomas sem Fronteiras - Espanhol - Caderno 8,
2505,e-TEC Idiomas sem Fronteiras - Espanhol - Caderno 9,e-TEC Idiomas sem Fronteiras - Espanhol - Caderno 9,-,-,-,-,2024,1,20/08/2024,-,Sim,Não,RCL016,EaD,FIC,-,Informação e Comunicação,-,3,Não,Não,Sim,-,-,DRG/RCL (CEX),Eduardo Antonio Modena (278591),-,e-TEC Idiomas sem Fronteiras - Espanhol - Caderno 9,e-TEC Idiomas sem Fronteiras - Espanhol - Caderno 9,
2506,Curso Básico de Eletricista Instalador,Curso Básico de Eletricista Instalador,-,-,-,-,2024,1,06/08/2024,-,Sim,Não,ARQ032,Presencial,FIC,-,Desenvolvimento Educacional e Social,-,3,Não,Não,Sim,-,-,DRG/ARQ (CEX),Keller Batista de Souza (2336735),-,Curso Básico de Eletricista Instalador,Curso Básico de Eletricista Instalador,
2507,Voleibol - Fundamentos,Voleibol - Fundamentos,-,-,-,-,2024,1,04/07/2024,-,Sim,Sim,SRQ045,Presencial,FIC,-,Desenvolvimento Educacional e Social,-,3,Não,Não,Sim,-,-,DRG/SRQ (CEX),Ana Carolina Macena Francini (2274078),-,Voleibol - Fundamentos,Voleibol - Fundamentos,
2509,Promotoras Legais Populares - PLP,Promotoras Legais Populares - PLP,-,-,-,-,2024,2,01/06/2024,-,Sim,Sim,ITQ059,Presencial,FIC,-,Desenvolvimento Educacional e Social,-,3,Não,Não,Sim,-,-,DRG/ITQ (CEX),Gabriela Peters Goncalves Levy (2314531),-,Promotoras Legais Populares - PLP,Promotoras Legais Populares - PLP,
2510,Curso Cabeamento Estruturado para LANs,Curso Cabeamento Estruturado para LANs,-,-,-,-,2024,2,05/08/2024,-,Sim,Não,ARQ033,Presencial,FIC,-,Desenvolvimento Educacional e Social,-,3,Não,Não,Sim,-,-,DRG/ARQ (CEX),Keller Batista de Souza (2336735),-,Curso Cabeamento Estruturado para LANs,Curso Cabeamento Estruturado para LANs,
2511,Economia Solidária,Economia Solidária,-,-,-,-,2024,1,15/03/2024,-,Sim,Não,JCR018,Presencial,FIC,-,Gestão e Negócios,-,3,Não,Não,Sim,-,-,DRG/JCR (CEX),Roger Dantas do Prado (2116040),-,Economia Solidária,Economia Solidária,
2512,Língua Brasileira de Sinais (Libras) Básico - Módulo II,Língua Brasileira de Sinais (Libras) Básico - Módulo II,-,-,-,-,2024,2,30/07/2024,-,Sim,Não,PRU003,Presencial,FIC,-,Educação,-,3,Não,Não,Sim,-,-,DRG/PRU (CEX),Rosana Abbud Olivete (1959255),-,Língua Brasileira de Sinais (Libras) Básico - Módulo II,Língua Brasileira de Sinais (Libras) Básico - Módulo II,
2513,Finanças e Investimentos,Finanças e Investimentos,-,-,-,-,2024,1,13/07/2024,-,Sim,Sim,CPV092,EaD,FIC,-,Gestão e Negócios,-,3,Não,Não,Sim,-,-,DRG/CPV (CEX),Gustavo Baptistella Leite da Silva (2105688),-,Finanças e Investimentos,Finanças e Investimentos,
2514,Educação Tecnológica e produção de Sequências Didáticas,Educação Tecnológica e produção de Sequências Didáticas,-,-,-,-,2024,2,19/08/2024,-,Sim,Não,PEP024,Presencial,FIC,-,Desenvolvimento Educacional e Social,-,3,Não,Não,Sim,-,-,DRG/PEP (CEX),Lucas Onofre (1222935),-,Educação Tecnológica e produção de Sequências Didáticas,Educação Tecnológica e produção de Sequências Didáticas,
2515,Gestora de Microempresas,Gestora de Microempresas,-,-,-,-,2024,1,09/05/2024,-,Sim,Sim,SZN034,Presencial,FIC,-,Gestão e Negócios,-,3,Não,Não,Sim,-,-,DRG/SZN (CEX),Raimundo Nonato Pereira da Silva (1176145),-,Gestora de Microempresas,Gestora de Microempresas,
2517,Coensino: possibilidades de trabalho e papéis dos docentes na comunidade escolar,Coensino: possibilidades de trabalho e papéis dos docentes na comunidade escolar,-,-,-,-,2024,2,05/08/2024,-,Sim,Não,SOR045,EaD,FIC,-,Desenvolvimento Educacional e Social,-,3,Não,Não,Sim,-,-,DRG/SOR (CEX),Andressa Rodrigues (3161560),-,Coensino: possibilidades de trabalho e papéis dos docentes na comunidade escolar,Coensino: possibilidades de trabalho e papéis dos docentes na comunidade escolar,
2518,Excel para análise de circuitos elétricos - EaD,Excel para análise de circuitos elétricos - EaD,-,-,-,-,2024,2,05/08/2024,-,Sim,Não,SOR046,EaD,FIC,-,Produção Industrial,-,3,Não,Não,Sim,-,-,DRG/SOR (CEX),Andressa Rodrigues (3161560),-,Excel para análise de circuitos elétricos - EaD,Excel para análise de circuitos elétricos - EaD,
2519,Inclusão escolar na Rede de Educação Profissional Tecnológica,Inclusão escolar na Rede de Educação Profissional Tecnológica,-,-,-,-,2024,2,05/08/2024,-,Sim,Não,SOR047,EaD,FIC,-,Desenvolvimento Educacional e Social,-,3,Não,Não,Sim,-,-,DRG/SOR (CEX),Andressa Rodrigues (3161560),-,Inclusão escolar na Rede de Educação Profissional Tecnológica,Inclusão escolar na Rede de Educação Profissional Tecnológica,
2520,Cuidadora de Idosos,Cuidadora de Idosos,-,-,-,-,2024,1,08/05/2024,-,Sim,Sim,SZN035,Presencial,FIC,-,Ambiente e Saúde,-,3,Não,Não,Sim,-,-,DRG/SZN (CEX),Raimundo Nonato Pereira da Silva (1176145),-,Cuidadora de Idosos,Cuidadora de Idosos,
2523,Arquiteto de Soluções em Nuvem - Huawei ICT Academy - (Modalidade Remota),Arquiteto de Soluções em Nuvem - Huawei ICT Academy - (Modalidade Remota),-,-,-,-,2024,1,23/04/2024,-,Sim,Não,BRA026,EaD,FIC,-,Informação e Comunicação,-,3,Não,Não,Sim,-,-,DRG/BRA (CEX),Joao Junior Marques de Lima (1897879),-,Arquiteto de Soluções em Nuvem - Huawei ICT Academy - (Modalidade Remota),Arquiteto de Soluções em Nuvem - Huawei ICT Academy - (Modalidade Remota),
2530,Inglês Caderno 3,Inglês Caderno 3,-,-,-,-,2024,2,05/08/2024,-,Sim,Sim,CTD061,EaD,FIC,-,Informação e Comunicação,-,3,Não,Não,Sim,-,-,DRG/CTD (CEX),Rosenir Martins Nunes Chaves (2319341),-,Inglês Caderno 3,Inglês Caderno 3,
2531,Espanhol Caderno 3,Espanhol Caderno 3,-,-,-,-,2024,2,06/08/2024,-,Sim,Sim,CTD062,EaD,FIC,-,Desenvolvimento Educacional e Social,-,3,Não,Não,Sim,-,-,DRG/CTD (CEX),Rosenir Martins Nunes Chaves (2319341),-,Espanhol Caderno 3,Espanhol Caderno 3,
2532,Espanhol Caderno 2,Espanhol Caderno 2,-,-,-,-,2024,2,06/08/2024,-,Sim,Não,CTD063,EaD,FIC,-,Desenvolvimento Educacional e Social,-,3,Não,Não,Sim,-,-,DRG/CTD (CEX),Rosenir Martins Nunes Chaves (2319341),-,Espanhol Caderno 2,Espanhol Caderno 2,
2533,Gestão de Empreendimentos Econômicos Solidários,Gestão de Empreendimentos Econômicos Solidários,-,-,-,-,2024,1,10/06/2024,-,Sim,Não,IST008,Presencial,FIC,-,Desenvolvimento Educacional e Social,-,3,Não,Não,Sim,-,-,DRG/IST (CEX),Marcos da Cruz Alves Siqueira (2994799),-,Gestão de Empreendimentos Econômicos Solidários,Gestão de Empreendimentos Econômicos Solidários,
2534,LIBRAS - Básico (Modalidade Presencial),LIBRAS - Básico (Modalidade Presencial),-,-,-,-,2024,1,30/07/2024,-,Sim,Não,BRA027,Presencial,FIC,-,Desenvolvimento Educacional e Social,-,3,Não,Não,Sim,-,-,DRG/BRA (CEX),Joao Junior Marques de Lima (1897879),-,LIBRAS - Básico (Modalidade Presencial),LIBRAS - Básico (Modalidade Presencial),
2535,Inglês - Básico I (Modalidade Presencial),Inglês - Básico I (Modalidade Presencial),-,-,-,-,2024,2,07/08/2024,-,Sim,Não,BRA028,Presencial,FIC,-,Desenvolvimento Educacional e Social,-,3,Não,Não,Sim,-,-,DRG/BRA (CEX),Joao Junior Marques de Lima (1897879),-,Inglês - Básico I (Modalidade Presencial),Inglês - Básico I (Modalidade Presencial),
2536,Agente de Desenvolvimento Cooperativista Solidário,Agente de Desenvolvimento Cooperativista Solidário,-,-,-,-,2024,1,10/06/2024,-,Sim,Não,IST009,Presencial,FIC,-,Desenvolvimento Educacional e Social,-,3,Não,Não,Sim,-,-,DRG/IST (CEX),Marcos da Cruz Alves Siqueira (2994799),-,Agente de Desenvolvimento Cooperativista Solidário,Agente de Desenvolvimento Cooperativista Solidário,
2537,Informática para adultos,Informática para adultos,-,-,-,-,2024,2,14/08/2024,-,Sim,Não,PEP025,Presencial,FIC,-,Desenvolvimento Educacional e Social,-,3,Não,Não,Sim,-,-,DRG/PEP (CEX),Lucas Onofre (1222935),-,Informática para adultos,Informática para adultos,
2538,Projeto estrutural: Da concepção ao detalhamento,Projeto estrutural: Da concepção ao detalhamento,-,-,-,-,2024,2,12/09/2024,-,Sim,Não,PEP026,Presencial,FIC,-,Desenvolvimento Educacional e Social,-,3,Não,Não,Sim,-,-,DRG/PEP (CEX),Lucas Onofre (1222935),-,Projeto estrutural: Da concepção ao detalhamento,Projeto estrutural: Da concepção ao detalhamento,
2539,Uso de tecnologia em sala de aula: planejamento e trabalho docente,Uso de tecnologia em sala de aula: planejamento e trabalho docente,-,-,-,-,2024,2,03/09/2024,-,Sim,Não,PEP027,Presencial,FIC,-,Desenvolvimento Educacional e Social,-,3,Não,Não,Sim,-,-,DRG/PEP (CEX),Lucas Onofre (1222935),-,Uso de tecnologia em sala de aula: planejamento e trabalho docente,Uso de tecnologia em sala de aula: planejamento e trabalho docente,
2540,Inglês Básico - módulo II,Inglês Básico - módulo II,-,-,-,-,2024,2,05/08/2024,-,Sim,Não,CTD064,Presencial,FIC,-,Desenvolvimento Educacional e Social,-,3,Não,Não,Sim,-,-,DRG/CTD (CEX),Rosenir Martins Nunes Chaves (2319341),-,Inglês Básico - módulo II,Inglês Básico - módulo II,
2541,Guitarra básica I,Guitarra básica I,-,-,-,-,2024,2,20/08/2024,-,Sim,Não,CJO078,Presencial,FIC,-,Produção Cultural e Design,-,3,Não,Não,Sim,-,-,DRG/CJO (CEX),Ana Claudia Luciano da Silva (1181312),-,Guitarra básica I,Guitarra básica I,
2542,Língua Inglesa - Módulo I/Básico,Língua Inglesa - Módulo I/Básico,-,-,-,-,2024,2,19/08/2024,-,Sim,Não,SLT037,Presencial,FIC,-,Informação e Comunicação,-,3,Não,Não,Sim,-,-,DRG/SLT (CEX),Ed Alencar Dias da Silva (1643606),-,Língua Inglesa - Módulo I/Básico,Língua Inglesa - Módulo I/Básico,
2543,PROJETO PROMOTORAS LEGAIS POPULARES,PROJETO PROMOTORAS LEGAIS POPULARES,-,-,-,-,2024,2,21/09/2024,-,Sim,Não,PRU004,Presencial,FIC,-,Desenvolvimento Educacional e Social,-,3,Não,Não,Sim,-,-,DRG/PRU (CEX),Rosana Abbud Olivete (1959255),-,PROJETO PROMOTORAS LEGAIS POPULARES,PROJETO PROMOTORAS LEGAIS POPULARES,
2544,ENEM para todos – resolução de questões e revisão de conteúdo,ENEM para todos – resolução de questões e revisão de conteúdo,-,-,-,-,2024,2,24/08/2024,-,Sim,Não,CPV093,EaD,FIC,-,Desenvolvimento Educacional e Social,-,3,Não,Não,Sim,-,-,DRG/CPV (CEX),Gustavo Baptistella Leite da Silva (2105688),-,ENEM para todos – resolução de questões e revisão de conteúdo,ENEM para todos – resolução de questões e revisão de conteúdo,
2545,Agente de Desenvolvimento Cooperativista Solidário,Agente de Desenvolvimento Cooperativista Solidário,-,-,-,-,2024,2,13/08/2024,-,Sim,Sim,BRI033,Presencial,FIC,-,Desenvolvimento Educacional e Social,-,3,Não,Não,Sim,-,-,DRG/BRI (CEX),Joao Paulo Crivellaro de Menezes (2168049),-,Agente de Desenvolvimento Cooperativista Solidário,Agente de Desenvolvimento Cooperativista Solidário,
2546,Inclusão Digital Móvel para Terceira Idade,Inclusão Digital Móvel para Terceira Idade,-,-,-,-,2024,2,20/08/2024,-,Sim,Sim,BRU010,Presencial,FIC,-,Informação e Comunicação,-,3,Não,Não,Sim,-,-,DRG/BRU (CEX),Tamyris Proenca Bonilha Garnica (2334784),-,Inclusão Digital Móvel para Terceira Idade,Inclusão Digital Móvel para Terceira Idade,
2547,Informática para concursos públicos,Informática para concursos públicos,-,-,-,-,2024,2,20/08/2024,-,Sim,Não,BRU011,Presencial,FIC,-,Informação e Comunicação,-,3,Não,Não,Sim,-,-,DRG/BRU (CEX),Tamyris Proenca Bonilha Garnica (2334784),-,Informática para concursos públicos,Informática para concursos públicos,
2549,Preparatório Enade: Engenharia de Computação,Preparatório Enade: Engenharia de Computação,-,-,-,-,2024,2,21/08/2024,-,Sim,Não,BRU012,EaD,FIC,-,Informação e Comunicação,-,3,Não,Não,Sim,-,-,DRG/BRU (CEX),Tamyris Proenca Bonilha Garnica (2334784),-,Preparatório Enade: Engenharia de Computação,Preparatório Enade: Engenharia de Computação,
2550,Descomplica: Matemática para o ENEM,Descomplica: Matemática para o ENEM,-,-,-,-,2024,2,20/08/2024,-,Sim,Não,BRU013,Presencial,FIC,-,Desenvolvimento Educacional e Social,-,3,Não,Não,Não,-,-,DRG/BRU (CEX),Tamyris Proenca Bonilha Garnica (2334784),-,Descomplica: Matemática para o ENEM,Descomplica: Matemática para o ENEM,
2551,Português para Falantes de Outras Línguas I,Português para Falantes de Outras Línguas I,-,-,-,-,2024,2,19/08/2024,-,Sim,Não,BRU014,Presencial,FIC,-,Desenvolvimento Educacional e Social,-,3,Não,Não,Sim,-,-,DRG/BRU (CEX),Tamyris Proenca Bonilha Garnica (2334784),-,Português para Falantes de Outras Línguas I,Português para Falantes de Outras Línguas I,
2552,Português para Estrangeiros,Português para Estrangeiros,-,-,-,-,2024,2,21/08/2024,-,Sim,Sim,BRU015,Presencial,FIC,-,Desenvolvimento Educacional e Social,-,3,Não,Não,Sim,-,-,DRG/BRU (CEX),Tamyris Proenca Bonilha Garnica (2334784),-,Português para Estrangeiros,Português para Estrangeiros,
2553,Empreendedorismo,Empreendedorismo,-,-,-,-,2024,2,24/08/2024,-,Sim,Não,CPV094,Presencial,FIC,-,Gestão e Negócios,-,3,Não,Não,Sim,-,-,DRG/CPV (CEX),-,-,Empreendedorismo,Empreendedorismo,
2554,Mitologia Grega,Mitologia Grega,-,-,-,-,2024,2,24/08/2024,-,Sim,Não,CPV095,Presencial,FIC,-,Desenvolvimento Educacional e Social,-,3,Não,Não,Sim,-,-,DRG/CPV (CEX),Gustavo Baptistella Leite da Silva (2105688),-,Mitologia Grega,Mitologia Grega,
2555,Espanhol Avançado I,Espanhol Avançado I,-,-,-,-,2024,2,26/08/2024,-,Sim,Não,SPO053,Presencial,FIC,-,Desenvolvimento Educacional e Social,-,3,Não,Não,Sim,-,-,DRG/SPO (CEX),Caio Cabral da Silva (2146617),-,Espanhol Avançado I,Espanhol Avançado I,
2558,Espanhol Intermediário I,Espanhol Intermediário I,-,-,-,-,2024,2,29/08/2024,-,Sim,Não,HTO048,Presencial,FIC,-,Informação e Comunicação,-,3,Não,Não,Sim,-,-,DRG/HTO (CEX),Gabriel Leopoldino dos Santos (2315075),-,Espanhol Intermediário I,Espanhol Intermediário I,
2559,Inglês III,Inglês III,-,-,-,-,2024,2,27/08/2024,-,Sim,Não,HTO049,Presencial,FIC,-,Informação e Comunicação,-,3,Não,Não,Sim,-,-,DRG/HTO (CEX),Graziela Rocha Reghini Ramos (2334996),-,Inglês III,Inglês III,
2560,Desenvolvimento de Sistemas em Delphi,Desenvolvimento de Sistemas em Delphi,-,-,-,-,2024,2,15/08/2024,-,Sim,Não,AVR094,Presencial,FIC,-,Informação e Comunicação,-,3,Não,Não,Sim,-,-,DRG/AVR (CEX),Elaine Aparecida Campideli Hoyos (2168045),-,Desenvolvimento de Sistemas em Delphi,Desenvolvimento de Sistemas em Delphi,
2561,Introdução à Lógica de Programação,Introdução à Lógica de Programação,-,-,-,-,2024,2,04/09/2024,-,Sim,Não,CTD065,Presencial,FIC,-,Desenvolvimento Educacional e Social,-,3,Não,Não,Sim,-,-,DRG/CTD (CEX),Rosenir Martins Nunes Chaves (2319341),-,Introdução à Lógica de Programação,Introdução à Lógica de Programação,
2562,Noções Básicas de Instalação de Energia Solar Fotovoltaica,Noções Básicas de Instalação de Energia Solar Fotovoltaica,-,-,-,-,2024,2,06/08/2024,-,Sim,Não,GRU062,EaD,FIC,-,Infraestrutura,-,3,Não,Não,Sim,-,-,DRG/GRU (CEX),Joao Alves Pacheco (2274487),-,Noções Básicas de Instalação de Energia Solar Fotovoltaica,Noções Básicas de Instalação de Energia Solar Fotovoltaica,
2563,Lógica de Programação utilizando Jogos Computacionais - Módulo 1,Lógica de Programação utilizando Jogos Computacionais - Módulo 1,-,-,-,-,2024,2,14/08/2024,-,Sim,Não,PEP028,Presencial,FIC,-,Desenvolvimento Educacional e Social,-,3,Não,Não,Sim,-,-,DRG/PEP (CEX),Lucas Onofre (1222935),-,Lógica de Programação utilizando Jogos Computacionais - Módulo 1,Lógica de Programação utilizando Jogos Computacionais - Módulo 1,
2564,Libras básico,Libras básico,-,-,-,-,2024,2,21/08/2024,-,Sim,Não,CJO079,Presencial,FIC,-,Desenvolvimento Educacional e Social,-,3,Não,Não,Sim,-,-,DRG/CJO (CEX),Ana Claudia Luciano da Silva (1181312),-,Libras básico,Libras básico,
2565,Matemática para Concursos Públicos,Matemática para Concursos Públicos,-,-,-,-,2024,1,29/07/2024,-,Sim,Não,ITP036,Presencial,FIC,-,Desenvolvimento Educacional e Social,-,3,Não,Não,Sim,-,-,DRG/ITP (CEX),Vicente Pereira de Barros (1659369),-,Matemática para Concursos Públicos,Matemática para Concursos Públicos,
2566,Inteligência Artificial Generativa: Transformando Práticas Pedagógicas,Inteligência Artificial Generativa: Transformando Práticas Pedagógicas,-,-,-,-,2024,2,27/08/2024,-,Sim,Não,CBT011,EaD,FIC,-,Educação,-,3,Não,Não,Sim,-,-,DRG/CBT (CEX),Gisela de Barros Alves Moura (1673031),-,Cadastro do Curso Inteligência Artificial Generativa: Transformando Práticas Pedagógicas,Cadastro do Curso Inteligência Artificial Generativa: Transformando Práticas Pedagógicas,
2567,Introdução ao mundo da fotografia,Introdução ao mundo da fotografia,-,-,-,-,2024,2,21/08/2024,-,Sim,Não,BRT050,Presencial,FIC,-,Produção Cultural e Design,-,3,Não,Não,Sim,-,-,DRG/BRT (CEX),Ana Laura da Silva Castro (1885344),-,Introdução ao mundo da fotografia,Introdução ao mundo da fotografia,
2568,Gestão de Empreendimentos Econômicos Solidários,Gestão de Empreendimentos Econômicos Solidários,-,-,-,-,2024,2,20/08/2024,-,Sim,Sim,BRI034,Presencial,FIC,-,Desenvolvimento Educacional e Social,-,3,Não,Não,Sim,-,-,DRG/BRI (CEX),Joao Paulo Crivellaro de Menezes (2168049),-,Gestão de Empreendimentos Econômicos Solidários,Gestão de Empreendimentos Econômicos Solidários,
2569,Introdução à planilha eletrônica de dados,Introdução à planilha eletrônica de dados,-,-,-,-,2024,2,26/08/2024,-,Sim,Não,SJP101,Presencial,FIC,-,Informação e Comunicação,-,3,Não,Não,Sim,-,-,DRG/SJP (CEX),Luana Cunha Palma (1069230),-,Introdução à planilha eletrônica de dados,Introdução à planilha eletrônica de dados,
2570,Programação para Arduíno,Programação para Arduíno,-,-,-,-,2024,2,21/08/2024,-,Sim,Não,SJP102,Presencial,FIC,-,Informação e Comunicação,-,3,Não,Não,Sim,-,-,DRG/SJP (CEX),Luana Cunha Palma (1069230),-,Programação para Arduíno,Programação para Arduíno,
2571,Negócios de Impacto Social e Ambiental - Conceitos e Práticas,Negócios de Impacto Social e Ambiental - Conceitos e Práticas,-,-,-,-,2024,2,20/08/2024,-,Sim,Não,SJP103,EaD,FIC,-,Desenvolvimento Educacional e Social,-,3,Não,Não,Sim,-,-,DRG/SJP (CEX),Luana Cunha Palma (1069230),-,Negócios de Impacto Social e Ambiental - Conceitos e Práticas,Negócios de Impacto Social e Ambiental - Conceitos e Práticas,
2572,Técnica de Negociação e Vendas,Técnica de Negociação e Vendas,-,-,-,-,2024,2,30/08/2024,-,Sim,Não,SJP104,Presencial,FIC,-,Informação e Comunicação,-,3,Não,Não,Sim,-,-,DRG/SJP (CEX),Luana Cunha Palma (1069230),-,Técnica de Negociação e Vendas,Técnica de Negociação e Vendas,
2573,Elaboração de Projeto de Pesquisa,Elaboração de Projeto de Pesquisa,-,-,-,-,2024,2,21/08/2024,-,Sim,Não,SJP105,EaD,FIC,-,Desenvolvimento Educacional e Social,-,3,Não,Não,Sim,-,-,DRG/SJP (CEX),Luana Cunha Palma (1069230),-,Elaboração de Projeto de Pesquisa,Elaboração de Projeto de Pesquisa,
2574,Tópicos de matemática básica dos Ensinos Fundamental e Médio,Tópicos de matemática básica dos Ensinos Fundamental e Médio,-,-,-,-,2024,2,29/08/2024,-,Sim,Não,SJP106,Presencial,FIC,-,Desenvolvimento Educacional e Social,-,3,Não,Não,Sim,-,-,DRG/SJP (CEX),Luana Cunha Palma (1069230),-,Tópicos de matemática básica dos Ensinos Fundamental e Médio,Tópicos de matemática básica dos Ensinos Fundamental e Médio,
2575,Introdução à Libras,Introdução à Libras,-,-,-,-,2024,2,26/08/2024,-,Sim,Não,SJP107,EaD,FIC,-,Informação e Comunicação,-,3,Não,Não,Sim,-,-,DRG/SJP (CEX),Luana Cunha Palma (1069230),-,Introdução à Libras,Introdução à Libras,
2576,Criando Documentos com Normas ABNT no Microsoft Word,Criando Documentos com Normas ABNT no Microsoft Word,-,-,-,-,2024,2,26/08/2024,-,Sim,Não,SJP108,EaD,FIC,-,Informação e Comunicação,-,3,Não,Não,Sim,-,-,DRG/SJP (CEX),Luana Cunha Palma (1069230),-,Criando Documentos com Normas ABNT no Microsoft Word,Criando Documentos com Normas ABNT no Microsoft Word,
2577,Ludicidade: a linguagem da infância,Ludicidade: a linguagem da infância,-,-,-,-,2024,2,20/08/2024,-,Sim,Sim,SJP109,EaD,FIC,-,Desenvolvimento Educacional e Social,-,3,Não,Não,Sim,-,-,DRG/SJP (CEX),Luana Cunha Palma (1069230),-,Ludicidade: a linguagem da infância,Ludicidade: a linguagem da infância,
2578,Alfaletrar: uma possibilidade para o trabalho com a alfabetização e o letramento,Alfaletrar: uma possibilidade para o trabalho com a alfabetização e o letramento,-,-,-,-,2024,2,20/08/2024,-,Sim,Sim,SJP110,EaD,FIC,-,Desenvolvimento Educacional e Social,-,3,Não,Não,Sim,-,-,DRG/SJP (CEX),Luana Cunha Palma (1069230),-,Alfaletrar: uma possibilidade para o trabalho com a alfabetização e o letramento,Alfaletrar: uma possibilidade para o trabalho com a alfabetização e o letramento,
2579,e-TEC Português para hispanofalantes - Módulo 2 - PLA em Rede,e-TEC Português para hispanofalantes - Módulo 2 - PLA em Rede,-,-,-,-,2024,2,02/09/2024,-,Sim,Sim,SPO054,EaD,FIC,-,Desenvolvimento Educacional e Social,-,3,Não,Não,Sim,-,-,DRG/SPO (CEX),Flavio Biasutti Valadares (2314636),Portaria 4089/02.08.2024,e-TEC Português para hispanofalantes - Módulo 2 - PLA em Rede,e-TEC Português para hispanofalantes - Módulo 2 - PLA em Rede,
2580,Inglês Básico 1,Inglês Básico 1,-,-,-,-,2024,2,02/09/2024,-,Sim,Não,SJP111,Presencial,FIC,-,Desenvolvimento Educacional e Social,-,3,Não,Não,Sim,-,-,DRG/SJP (CEX),Luana Cunha Palma (1069230),-,Inglês Básico 1,Inglês Básico 1,
2581,Organização de Eventos - Nível Básico,Organização de Eventos - Nível Básico,-,-,-,-,2024,2,03/09/2024,-,Sim,Sim,SJP112,Presencial,FIC,-,"Turismo, Hospitalidade e Lazer",-,3,Não,Não,Sim,-,-,DRG/SJP (CEX),Luana Cunha Palma (1069230),-,Organização de Eventos - Nível Básico,Organização de Eventos - Nível Básico,
2582,e-TEC Português como Língua Adicional – PLA em Rede - Módulo 1,e-TEC Português como Língua Adicional – PLA em Rede - Módulo 1,-,-,-,-,2024,2,02/09/2024,-,Sim,Sim,SPO055,EaD,FIC,-,Desenvolvimento Educacional e Social,-,3,Não,Não,Sim,-,-,DRG/SPO (CEX),Flavio Biasutti Valadares (2314636),Portaria 4089/02.08.2024,e-TEC Português como Língua Adicional – PLA em Rede - Módulo 1,e-TEC Português como Língua Adicional – PLA em Rede - Módulo 1,
2583,CONTROLADOR LÓGICO PROGRAMÁVEL - BÁSICO,CONTROLADOR LÓGICO PROGRAMÁVEL - BÁSICO,-,-,-,-,2024,2,09/09/2024,-,Sim,Não,TUP021,Presencial,FIC,-,Informação e Comunicação,-,3,Não,Não,Sim,-,-,DRG/TUP (CEX),Bruno Borges (2426976),-,CONTROLADOR LÓGICO PROGRAMÁVEL - BÁSICO,CONTROLADOR LÓGICO PROGRAMÁVEL - BÁSICO,
2584,PACOTE OFFICE,PACOTE OFFICE,-,-,-,-,2024,2,09/09/2024,-,Sim,Não,TUP022,Presencial,FIC,-,Desenvolvimento Educacional e Social,-,3,Não,Não,Sim,-,-,DRG/TUP (CEX),Bruno Borges (2426976),-,PACOTE OFFICE,PACOTE OFFICE,
2585,COMANDO ELÉTRICO BÁSICO,COMANDO ELÉTRICO BÁSICO,-,-,-,-,2024,2,11/09/2024,-,Sim,Não,TUP023,Presencial,FIC,-,Produção Industrial,-,3,Não,Não,Sim,-,-,DRG/TUP (CEX),Bruno Borges (2426976),-,COMANDO ELÉTRICO BÁSICO,COMANDO ELÉTRICO BÁSICO,
2586,Segurança da Informação - Presencial,Segurança da Informação - Presencial,-,-,-,-,2024,2,15/09/2024,-,Sim,Não,RCL017,Presencial,FIC,-,Informação e Comunicação,-,3,Não,Não,Sim,-,-,DRG/RCL (CEX),Francisco Cesar de Oliveira (1809288),-,Segurança da Informação - Presencial,Segurança da Informação - Presencial,
2587,Segurança da Informação - EAD,Segurança da Informação - EAD,-,-,-,-,2024,2,15/09/2024,-,Sim,Não,RCL018,EaD,FIC,-,Informação e Comunicação,-,3,Não,Não,Sim,-,-,DRG/RCL (CEX),Francisco Cesar de Oliveira (1809288),-,Segurança da Informação - EAD,Segurança da Informação - EAD,
2588,Português para falantes de outras Línguas,Português para falantes de outras Línguas,-,-,-,-,2024,2,16/09/2024,-,Sim,Não,RCL019,EaD,FIC,-,Informação e Comunicação,-,3,Não,Não,Sim,-,-,DRG/RCL (CEX),Marcelo Camacho de Souza (1812018),-,Português para falantes de outras Línguas,Português para falantes de outras Línguas,
2589,Auxiliar Administrativo,Auxiliar Administrativo,-,-,-,-,2024,2,17/09/2024,-,Sim,Não,CJO080,Presencial,FIC,-,Desenvolvimento Educacional e Social,-,3,Não,Não,Sim,-,-,DRG/CJO (CEX),Ana Claudia Luciano da Silva (1181312),-,Auxiliar Administrativo,Auxiliar Administrativo,
2590,Introdução à Robótica para alunos do Ensino Médio,Introdução à Robótica para alunos do Ensino Médio,-,-,-,-,2024,2,18/09/2024,-,Sim,Sim,BTV032,Presencial,FIC,-,Desenvolvimento Educacional e Social,-,3,Não,Não,Sim,-,-,DRG/BTV (CEX),Felipe Ferreira de Lara (2161727),-,Introdução à Robótica para alunos do Ensino Médio,Introdução à Robótica para alunos do Ensino Médio,
2591,Educação em Direitos Humanos,Educação em Direitos Humanos,-,-,-,-,2024,2,15/10/2024,-,Sim,Não,RCL020,Presencial,FIC,-,Informação e Comunicação,-,3,Não,Não,Sim,-,-,DRG/RCL (CEX),Francisco Cesar de Oliveira (1809288),-,Educação em Direitos Humanos,Educação em Direitos Humanos,
2593,Introdução a programação para WEB,Introdução a programação para WEB,-,-,-,-,2024,2,20/09/2024,-,Sim,Não,PEP029,Presencial,FIC,-,Desenvolvimento Educacional e Social,-,3,Não,Não,Sim,-,-,DRG/PEP (CEX),Lucas Onofre (1222935),-,Introdução a programação para WEB,Introdução a programação para WEB,
2594,Cuidadora de idosos,Cuidadora de idosos,-,-,-,-,2024,1,17/04/2024,-,Sim,Não,SPO056,Presencial,FIC,-,Ambientes e Saúde,-,3,Não,Não,Sim,-,-,DRG/SPO (CEX),Caio Cabral da Silva (2146617),-,Cuidadora de idosos,Cuidadora de idosos,
2595,AutoCAD - Módulo Básico,AutoCAD - Módulo Básico,-,-,-,-,2024,2,04/09/2024,-,Sim,Não,SJP113,Presencial,FIC,-,Produção Industrial,-,3,Não,Não,Sim,-,-,DRG/SJP (CEX),Luana Cunha Palma (1069230),-,AutoCAD - Módulo Básico,AutoCAD - Módulo Básico,
2596,Libras básico,Libras básico,-,-,-,-,2024,2,16/09/2024,-,Sim,Não,CMP015,Presencial,FIC,-,Desenvolvimento Educacional e Social,-,3,Não,Não,Sim,-,-,DRG/CMP (CEX),Rosane Beltrao da Cunha Carvalho (2275699),-,Libras básico,Libras básico,
2597,Inclusão Digital para a terceira Idade,Inclusão Digital para a terceira Idade,-,-,-,-,2024,2,18/09/2024,-,Sim,Não,PEP030,Presencial,FIC,-,Desenvolvimento Educacional e Social,-,3,Não,Não,Sim,-,-,DRG/PEP (CEX),Lucas Onofre (1222935),-,Inclusão Digital para a terceira Idade,Inclusão Digital para a terceira Idade,
2598,Lógica de programação com Arduino e Scratch,Lógica de programação com Arduino e Scratch,-,-,-,-,2024,2,18/09/2024,-,Sim,Não,SJP114,Presencial,FIC,-,Desenvolvimento Educacional e Social,-,3,Não,Não,Sim,-,-,DRG/SJP (CEX),Luana Cunha Palma (1069230),-,Lógica de programação com Arduino e Scratch,Lógica de programação com Arduino e Scratch,
2599,Preparatório para o Enem e Exames Vestibulares,Preparatório para o Enem e Exames Vestibulares,-,-,-,-,2024,2,09/09/2024,-,Sim,Não,CJO081,Presencial,FIC,-,Desenvolvimento Educacional e Social,-,3,Não,Não,Sim,-,-,DRG/CJO (CEX),Ana Claudia Luciano da Silva (1181312),-,Preparatório para o Enem e Exames Vestibulares,Preparatório para o Enem e Exames Vestibulares,
2600,Vestibulinho do IFSP,Vestibulinho do IFSP,-,-,-,-,2024,2,09/09/2024,-,Sim,Não,CJO082,Presencial,FIC,-,Desenvolvimento Educacional e Social,-,3,Não,Não,Sim,-,-,DRG/CJO (CEX),Ana Claudia Luciano da Silva (1181312),-,Vestibulinho do IFSP,Vestibulinho do IFSP,
2601,Espanhol Básico II - EaD,Espanhol Básico II - EaD,-,-,-,-,2024,2,18/09/2024,-,Sim,Não,BTV033,EaD,FIC,-,Desenvolvimento Educacional e Social,-,3,Não,Não,Sim,-,-,DRG/BTV (CEX),Felipe Ferreira de Lara (2161727),-,Espanhol Básico II - EaD,Espanhol Básico II - EaD,
2602,Agente de Educação Ambiental,Agente de Educação Ambiental,-,-,-,-,2024,2,18/09/2024,-,Sim,Não,MRC005,EaD,FIC,-,Ambiente e Saúde,-,3,Não,Não,Sim,-,-,DRG/MRC (CEX),Luiz Felipe Borges Martins (1872340),-,Agente de Educação Ambiental,Agente de Educação Ambiental,
2603,Gestão Pública do Turismo,Gestão Pública do Turismo,-,-,-,-,2024,2,26/09/2024,-,Sim,Não,CTD066,EaD,FIC,-,Desenvolvimento Educacional e Social,-,3,Não,Não,Sim,-,-,DRG/CTD (CEX),Rosenir Martins Nunes Chaves (2319341),-,Gestão Pública do Turismo,Gestão Pública do Turismo,
2604,"Concepção, Elaboração e Produção de Projetos Culturais","Concepção, Elaboração e Produção de Projetos Culturais",-,-,-,-,2024,2,16/09/2024,-,Sim,Não,SRT096,EaD,FIC,-,Produção Cultural e Design,-,3,Não,Não,Sim,-,-,DRG/SRT (CEX),Livia Maria Lovato (1815713),-,"Concepção, Elaboração e Produção de Projetos Culturais","Concepção, Elaboração e Produção de Projetos Culturais",
2605,e-TEC Idiomas sem Fronteiras - Inglês – Caderno 2,e-TEC Idiomas sem Fronteiras - Inglês – Caderno 2,-,-,-,-,2024,2,20/09/2024,-,Sim,Não,RCL022,EaD,FIC,-,Informação e Comunicação,-,3,Não,Não,Sim,-,-,DRG/RCL (CEX),Marcelo Camacho de Souza (1812018),-,e-TEC Idiomas sem Fronteiras - Inglês – Caderno 2,e-TEC Idiomas sem Fronteiras - Inglês – Caderno 2,
2606,e-TEC Idiomas sem Fronteiras - Inglês – Caderno 1,e-TEC Idiomas sem Fronteiras - Inglês – Caderno 1,-,-,-,-,2024,2,20/09/2024,-,Sim,Não,RCL023,EaD,FIC,-,Informação e Comunicação,-,3,Não,Não,Sim,-,-,DRG/RCL (CEX),Marcelo Camacho de Souza (1812018),-,e-TEC Idiomas sem Fronteiras - Inglês – Caderno 1,e-TEC Idiomas sem Fronteiras - Inglês – Caderno 1,
2607,e-TEC Idiomas sem Fronteiras - Inglês – Caderno 3,e-TEC Idiomas sem Fronteiras - Inglês – Caderno 3,-,-,-,-,2024,2,20/09/2024,-,Sim,Não,RCL024,EaD,FIC,-,Informação e Comunicação,-,3,Não,Não,Sim,-,-,DRG/RCL (CEX),Marcelo Camacho de Souza (1812018),-,e-TEC Idiomas sem Fronteiras - Inglês – Caderno 3,e-TEC Idiomas sem Fronteiras - Inglês – Caderno 3,
2608,Matemática lúdica e problematizadora para crianças.,Matemática lúdica e problematizadora para crianças.,-,-,-,-,2024,2,01/10/2024,-,Sim,Não,SZN036,Presencial,FIC,-,Desenvolvimento Educacional e Social,-,3,Não,Não,Sim,-,-,DRG/SZN (CEX),Raimundo Nonato Pereira da Silva (1176145),-,Matemática lúdica e problematizadora para crianças,Matemática lúdica e problematizadora para crianças,
2609,Alfabetização e letramento de surdos,Alfabetização e letramento de surdos,-,-,-,-,2024,2,09/08/2024,-,Sim,Não,CPV096,Presencial,FIC,-,Desenvolvimento Educacional e Social,-,3,Não,Não,Sim,-,-,DRG/CPV (CEX),Gustavo Baptistella Leite da Silva (2105688),-,Alfabetização e letramento de surdos,Alfabetização e letramento de surdos,
2610,Produção Textual,Produção Textual,-,-,-,-,2024,2,13/09/2024,-,Sim,Sim,SJP115,EaD,FIC,-,Desenvolvimento Educacional e Social,-,3,Não,Não,Sim,-,-,DRG/SJP (CEX),Luana Cunha Palma (1069230),-,Produção Textual,Produção Textual,
2611,Bioconstrução,Bioconstrução,-,-,-,-,2024,2,13/08/2024,-,Sim,Não,AVR095,Presencial,FIC,-,Recursos Naturais,-,3,Não,Não,Sim,-,-,DRG/AVR (CEX),Elaine Aparecida Campideli Hoyos (2168045),-,Bioconstrução,Bioconstrução,
2612,Gestão de Empreendimentos Econômicos Solidários,Gestão de Empreendimentos Econômicos Solidários,-,-,-,-,2024,2,26/08/2024,-,Sim,Não,AVR096,Presencial,FIC,-,Desenvolvimento Educacional e Social,-,3,Não,Não,Sim,-,-,DRG/AVR (CEX),Elaine Aparecida Campideli Hoyos (2168045),-,Gestão de Empreendimentos Econômicos Solidários,Gestão de Empreendimentos Econômicos Solidários,
2613,Redação,Redação,-,-,-,-,2024,2,27/09/2024,-,Sim,Não,CMP016,Presencial,FIC,-,Informação e Comunicação,-,3,Não,Não,Sim,-,-,DRG/CMP (CEX),Rosane Beltrao da Cunha Carvalho (2275699),-,Redação,Redação,
2615,Inglês com Música,Inglês com Música,-,-,-,-,2024,2,01/10/2024,-,Sim,Não,CBT012,Presencial,FIC,-,Informação e Comunicação,-,3,Não,Não,Sim,-,-,DRG/CBT (CEX),Gisela de Barros Alves Moura (1673031),-,Inglês com Música,Inglês com Música,
2616,Confeitaria Básica,Confeitaria Básica,-,-,-,-,2024,2,17/10/2024,-,Sim,Não,SPO057,Presencial,FIC,-,Produção Alimentícia,-,3,Não,Não,Sim,-,-,DRG/SPO (CEX),Caio Cabral da Silva (2146617),-,Confeitaria Básica,Confeitaria Básica,
2617,Agente de Educação Ambiental,Agente de Educação Ambiental,-,-,-,-,2024,2,07/10/2024,-,Sim,Não,SRQ046,Presencial,FIC,-,Ambientes e Saúde,-,3,Não,Não,Sim,-,-,DRG/SRQ (CEX),Ana Carolina Macena Francini (2274078),-,Agente de Educação Ambiental,Agente de Educação Ambiental,
2618,e-TEC Português como Língua Adicional – Módulo Básico 1,e-TEC Português como Língua Adicional – Módulo Básico 1,-,-,-,-,2024,2,25/09/2024,-,Sim,Não,RCL025,EaD,FIC,-,Informação e Comunicação,-,3,Não,Não,Sim,-,-,DRG/RCL (CEX),Marcelo Camacho de Souza (1812018),-,e-TEC Português como Língua Adicional – Módulo Básico 1,e-TEC Português como Língua Adicional – Módulo Básico 1,
2619,Planilha de Cálculo Nível Básico,Planilha de Cálculo Nível Básico,-,-,-,-,2024,1,08/10/2024,-,Sim,Não,BRU016,Presencial,FIC,-,Informação e Comunicação,-,3,Não,Não,Sim,-,-,DRG/BRU (CEX),Tamyris Proenca Bonilha Garnica (2334784),-,Planilha de Cálculo Nível Básico,Planilha de Cálculo Nível Básico,
2620,O Ensino de Libras: Inclusão e Educação,O Ensino de Libras: Inclusão e Educação,-,-,-,-,2024,2,03/09/2024,-,Sim,Não,VTP031,Presencial,FIC,-,Desenvolvimento Educacional e Social,-,3,Não,Não,Sim,-,-,DRG/VTP (CEX),Carlos Eduardo Maia de Oliveira (1921504),-,O Ensino de Libras: Inclusão e Educação,O Ensino de Libras: Inclusão e Educação,
2621,Assistente em Administração - EAD,Assistente em Administração - EAD,-,-,-,-,2024,2,16/10/2024,-,Sim,Não,BTV034,EaD,FIC,-,Gestão e Negócios,-,3,Não,Não,Sim,-,-,DRG/BTV (CEX),Felipe Ferreira de Lara (2161727),-,Assistente em Administração - EAD,Assistente em Administração - EAD,
2622,Metrologia e Análise Dimensional,Metrologia e Análise Dimensional,-,-,-,-,2024,2,22/10/2024,-,Sim,Não,ARQ034,Presencial,FIC,-,Produção Industrial,-,3,Não,Não,Sim,-,-,DRG/ARQ (CEX),Keller Batista de Souza (2336735),-,Metrologia e Análise Dimensional,Metrologia e Análise Dimensional,
2623,"Chocolates, Confeitaria e Panificação","Chocolates, Confeitaria e Panificação",-,-,-,-,2024,2,28/10/2024,-,Sim,Sim,CTD067,Presencial,FIC,-,Produção Alimentícia,-,3,Não,Não,Sim,-,-,DRG/CTD (CEX),Rosenir Martins Nunes Chaves (2319341),-,"Chocolates, Confeitaria e Panificação","Chocolates, Confeitaria e Panificação",
2624,Jogos e Brincadeiras na Educação Infantil,Jogos e Brincadeiras na Educação Infantil,-,-,-,-,2024,2,17/10/2024,-,Sim,Não,BRA029,Presencial,FIC,-,Desenvolvimento Educacional e Social,-,3,Não,Não,Sim,-,-,DRG/BRA (CEX),Joao Junior Marques de Lima (1897879),-,Jogos e Brincadeiras na Educação Infantil,Jogos e Brincadeiras na Educação Infantil,
2625,Técnicas de Inteligência Artificial e Aprendizado de Máquina,Técnicas de Inteligência Artificial e Aprendizado de Máquina,-,-,-,-,2024,2,14/10/2024,-,Sim,Não,CPV097,Presencial,FIC,-,Informação e Comunicação,-,3,Não,Não,Sim,-,-,DRG/CPV (CEX),Gustavo Baptistella Leite da Silva (2105688),-,Técnicas de Inteligência Artificial e Aprendizado de Máquina,Técnicas de Inteligência Artificial e Aprendizado de Máquina,
2627,Auxiliar de Serviços Diversos,Auxiliar de Serviços Diversos,-,-,-,-,2024,2,24/09/2024,-,Sim,Sim,SJC014,Presencial,FIC,-,Infraestrutura,-,3,Não,Não,Sim,-,-,DRG/SJC (CEX),Fernando Henrique Gomes de Souza (1047546),-,Auxiliar de Serviços Diversos,Auxiliar de Serviços Diversos,
2628,Gestão de Empreendimentos Econômicos Solidários,Gestão de Empreendimentos Econômicos Solidários,-,-,-,-,2024,1,10/06/2024,-,Sim,Não,SJC015,Presencial,FIC,-,Desenvolvimento Educacional e Social,-,3,Não,Não,Sim,-,-,DRG/SJC (CEX),Mirella Caetano de Souza (1768950),-,Gestão de Empreendimentos Econômicos Solidários,Gestão de Empreendimentos Econômicos Solidários,
2629,Agente de Desenvolvimento Cooperativista Solidário,Agente de Desenvolvimento Cooperativista Solidário,-,-,-,-,2024,1,10/06/2024,-,Sim,Não,SJC016,Presencial,FIC,-,Desenvolvimento Educacional e Social,-,3,Não,Não,Sim,-,-,DRG/SJC (CEX),Mirella Caetano de Souza (1768950),-,Agente de Desenvolvimento Cooperativista Solidário,Agente de Desenvolvimento Cooperativista Solidário,
2630,Cuidadora de Idosos,Cuidadora de Idosos,-,-,-,-,2024,2,12/08/2024,-,Sim,Não,GRU063,Presencial,FIC,-,Ambiente e Saúde,-,3,Não,Não,Sim,-,-,DRG/GRU (CEX),Joao Alves Pacheco (2274487),-,Cuidadora de Idosos,Cuidadora de Idosos,
2631,Auxiliar de Serviços Diversos,Auxiliar de Serviços Diversos,-,-,-,-,2024,2,24/09/2024,-,Sim,Não,CBT013,Presencial,FIC,-,Infraestrutura,-,3,Não,Não,Sim,-,-,DRG/CBT (CEX),Gisela de Barros Alves Moura (1673031),-,Auxiliar de Serviços Diversos,Auxiliar de Serviços Diversos,
2632,Operadora de Computador,Operadora de Computador,-,-,-,-,2024,2,05/08/2024,-,Sim,Sim,SBV027,Presencial,FIC,-,Informação e Comunicação,-,3,Não,Não,Sim,-,-,DRG/SBV (CEX),Priscila Cabreira de Freitas (2142093),-,Operadora de Computador,Operadora de Computador,
2641,Manicure e Pedicure,Manicure e Pedicure,-,-,-,-,2024,2,20/08/2024,-,Sim,Não,CTD068,Presencial,FIC,-,Desenvolvimento Educacional e Social,-,3,Não,Não,Sim,-,-,DRG/CTD (CEX),Rosenir Martins Nunes Chaves (2319341),-,Manicure e Pedicure,Manicure e Pedicure,
2643,Matemática para concursos públicos,Matemática para concursos públicos,-,-,-,-,2024,2,25/11/2024,-,Sim,Não,MTO022,Presencial,FIC,-,Desenvolvimento Educacional e Social,-,3,Não,Não,Sim,-,-,DRG/MTO (CEX),Elisangela Aparecida dos Santos (1964624),-,Matemática para concursos públicos,Matemática para concursos públicos,
2644,Assistente administrativo,Assistente administrativo,-,-,-,-,2024,2,17/04/2024,-,Sim,Não,SPO058,Presencial,FIC,-,Gestão e Negócios,-,3,Não,Não,Sim,-,-,DRG/SPO (CEX),Caio Cabral da Silva (2146617),-,Assistente administrativo,Assistente administrativo,
2647,Gestão de finanças pessoais,Gestão de finanças pessoais,-,-,-,-,2024,2,03/12/2024,-,Sim,Não,MTO023,Presencial,FIC,-,Desenvolvimento Educacional e Social,-,3,Não,Não,Sim,-,-,DRG/MTO (CEX),Elisangela Aparecida dos Santos (1964624),-,Gestão de finanças pessoais,Gestão de finanças pessoais,
2654,Pacote Office,Pacote Office,-,-,-,-,2024,1,21/02/2024,-,Sim,Não,ITQ060,Presencial,FIC,-,Informação e Comunicação,-,3,Não,Não,Sim,-,-,DRG/ITQ (CEX),Gabriela Peters Goncalves Levy (2314531),-,Pacote Office,Pacote Office,
2661,Introdução à Programação com Scratch,Introdução à Programação com Scratch,-,-,-,-,2024,2,04/08/2024,-,Sim,Não,RGT021,Presencial,FIC,-,Informação e Comunicação,-,3,Não,Não,Não,-,-,DRG/RGT (CEX),Ernani Jose Fortunato Lisboa Enke (2753773),-,Introdução à Programação com Scratch,Introdução à Programação com Scratch,
2776,Aperfeiçoamento em Gestão Democrática,Aperfeiçoamento em Gestão Democrática,-,-,-,-,2024,2,23/08/2024,-,Sim,Sim,SZN037,EaD,FIC,Educação,Desenvolvimento Educacional e Social,-,3,Não,Não,Sim,-,-,DRG/SZN (CEX),Raimundo Nonato Pereira da Silva (1176145),-,Aperfeiçoamento em Gestão Democrática,Aperfeiçoamento em Gestão Democrática,
2637,Fundamentos de Nuvem da Academia AWS (ACF),Fundamentos de Nuvem da Academia AWS (ACF),-,-,-,-,2025,1,17/02/2025,-,Sim,Sim,SLT038,EaD,FIC,-,Informação e Comunicação,-,3,Não,Não,Sim,-,-,DRG/SLT (CEX),Ed Alencar Dias da Silva (1643606),-,Fundamentos de Nuvem da Academia AWS (ACF),Fundamentos de Nuvem da Academia AWS (ACF),
2664,Português do Brasil para Imigrantes,Português do Brasil para Imigrantes,-,-,-,-,2025,1,17/03/2025,-,Sim,Sim,SPO059,EaD,FIC,-,Informação e Comunicação,-,3,Não,Não,Sim,-,-,DRG/SPO (CEX),Flavio Biasutti Valadares (2314636),-,Português do Brasil para Imigrantes,Português do Brasil para Imigrantes,
2706,METODOLOGIAS ATIVAS E AS FERRAMENTAS DIGITAIS NO ENSINO REMOTO E HÍBRIDO,METODOLOGIAS ATIVAS E AS FERRAMENTAS DIGITAIS NO ENSINO REMOTO E HÍBRIDO,-,-,-,-,2025,1,31/03/2025,-,Sim,Sim,MRC007,EaD,FIC,-,Desenvolvimento Educacional e Social,-,3,Não,Não,Sim,-,-,DRG/MRC (CEX),Luiz Felipe Borges Martins (1872340),-,METODOLOGIAS ATIVAS E AS FERRAMENTAS DIGITAIS NO ENSINO REMOTO E HÍBRIDO,METODOLOGIAS ATIVAS E AS FERRAMENTAS DIGITAIS NO ENSINO REMOTO E HÍBRIDO,
2743,Boas Práticas na Manipulação de Alimentos,Boas Práticas na Manipulação de Alimentos,-,-,-,-,2025,1,31/03/2025,-,Sim,Sim,MRC010,EaD,FIC,-,Ambiente e Saúde,-,3,Não,Não,Sim,-,-,DRG/MRC (CEX),Luiz Felipe Borges Martins (1872340),-,Boas Práticas na Manipulação de Alimentos,Boas Práticas na Manipulação de Alimentos,
2744,Como se organizar para estudar? Orientações e estratégias,Como se organizar para estudar? Orientações e estratégias,-,-,-,-,2025,1,31/03/2025,-,Sim,Sim,MRC011,EaD,FIC,-,Desenvolvimento Educacional e Social,-,3,Não,Não,Sim,-,-,DRG/MRC (CEX),Luiz Felipe Borges Martins (1872340),-,Como se organizar para estudar? Orientações e estratégias,Como se organizar para estudar? Orientações e estratégias,
2754,Introdução à Inteligência Artificial para tomada de decisões,Introdução à Inteligência Artificial para tomada de decisões,-,-,-,-,2025,1,26/03/2025,-,Sim,Sim,CPV098,EaD,FIC,-,Informação e Comunicação,-,3,Não,Não,Sim,-,-,DRG/CPV (CEX),Gustavo Baptistella Leite da Silva (2105688),-,Introdução à Inteligência Artificial para tomada de decisões,Introdução à Inteligência Artificial para tomada de decisões,